"","x"
"1","5ddeaaf9f30aa6e2e945abba"
"2","5f4d68285a01eea23f58ac1d"
"3","5ec81f67a964d72d98c526f7"
"4","5e78d199938ed301e0ef6e21"
"5","5ec403bb09d0e02a060bd5e6"
"6","5da250b1106ffc00109177c8"
"7","5eb9b2f1dbd0090dea81a3f8"
"8","59dd90f6e75b450001a68dac"
"9","5eefb6ecc9e3c81363bc53f5"
"10","5ef40a3ceb5b661c164551c4"
"11","5f218e5462e3b6568de0f0e5"
"12","5d24e4ba5018e900158d31f1"
"13","5c6a83d849b7f000014ff5e5"
"14","5fc6b181db97a63907ef47df"
"15","5e209fd7ae6907000beee545"
"16","5c371dd21ede2b0001152915"
"17","5bb8e15207378900018eec62"
"18","5cc88a818572c50018be1241"
"19","5db6c103b660f3000b8c3eee"
"20","5f6c238ed9915e19408f161b"
"21","5efa06a7540ce97e3ed866f8"
"22","5abbb36efa3b4e00017308e1"
"23","5e176ae1096a5e065c70a28b"
"24","5f036d635dce43277fa0ae59"
"25","5c7b20ac584bcf0001f5305a"
"26","5e89d8051ffd190009ccfe6d"
"27","57c74977b23f0e000182dc3f"
"28","5fc2a17a6a0a5516d4d54125"
"29","5f3abfead0362c14ef650c1a"
"30","5fb665db2bfd3e385beb133d"
"31","5fb43cf470ede60e3c4b0ffd"
"32","5db4727943b4e1000ba77356"
"33","5cc11e1e6474250017c49a0d"
"34","5de00e31429725088d44f38d"
