"id","listid","eq_id","question","answer","duration","expect_test","use_help","cresp"
"311",2,1,"(13 + 23) * 2",52,8380.21400000015,"No","No",72
"311",2,2,"(50 - 23) / 9",3,9812.38199999911,"No","No",3
"311",2,3,"(19 - 4) * 5",75,15133.1270000003,"No","No",75
"311",2,4,"(17 + 23) / 8",5,19170.2340000003,"No","No",5
"311",2,5,"(4 + 4) * 4",32,4391.9160000002,"No","No",32
"311",2,6,"(8 + 3) * 4",NA,3050.53499999928,"No","No",44
"311",1,1,"(2 + 5) * 2",14,3666.95400000026,"No","No",14
"311",1,2,"(12 - 3) / 3",3,4579.45100000035,"No","No",3
"311",1,3,"(50 - 23) / 9",3,4523.76399999927,"No","No",3
"311",1,4,"(7 - 4) * 8",24,38637.9449999999,"No","No",24
"311",1,5,"(23 - 17) / 6",1,5880.04499999958,"No","No",1
"311",1,6,"(19 + 11) / 5",NA,2650.45000000042,"No","No",6
"308",2,1,"(50 - 23) / 9",3,8761.22100005194,"No","No",3
"308",2,2,"(2 + 5) * 2",14,6011.14900008624,"No","No",14
"308",2,3,"(45 - 23) / 11",2,4950.37700002227,"No","No",2
"308",2,4,"(7 + 8) * 3",45,12187.2820000281,"No","No",45
"308",2,5,"(4 + 2) * 9",54,8658.16600000329,"No","No",54
"308",2,6,"(13 + 23) * 2",72,8772.66300004796,"No","No",72
"308",2,7,"(21 + 12) / 11",3,3624.84600005718,"No","No",3
"308",2,8,"(19 + 11) / 5",6,3568.72300002066,"No","No",6
"308",2,9,"(6 + 6) / 3",4,1855.59600005922,"No","No",4
"308",2,10,"(3 + 3) * 3",NA,1506.08000003418,"No","No",18
"308",1,1,"(1 + 7) * 6",48,3657.96599998162,"No","No",48
"308",1,2,"(9 - 3) * 3",18,2221.88299998932,"No","No",18
"308",1,3,"(21 - 9) / 4",3,3948.36200002598,"No","No",3
"308",1,4,"(2 + 2) / 2",2,1428.86100005422,"No","No",2
"308",1,5,"(9 + 3) * 2",24,1575.47399999638,"No","No",24
"308",1,6,"(21 + 12) / 11",3,1474.19100001932,"No","No",3
"308",1,7,"(6 + 6) * 6",72,5780.28000005952,"No","No",72
"308",1,8,"(4 + 4) * 4",32,2210.98099998164,"No","No",32
"308",1,9,"(8 + 8) / 4",4,1631.85900007421,"No","No",4
"308",1,10,"(13 + 23) * 2",52,8103.67800007586,"No","No",72
"308",1,11,"(7 + 2) * 8",72,2994.1450000708,"No","No",72
"308",1,12,"(6 + 6) / 3",4,2103.72400007735,"No","No",4
"308",1,13,"(3 + 6) / 3",3,1563.52900000638,"No","No",3
"308",1,14,"(8 + 3) * 4",44,3332.11400001007,"No","No",44
"308",1,15,"(3 + 3) / 2",3,1467.37999999092,"No","No",3
"308",1,16,"(9 - 5) * 4",16,1938.03600001067,"No","No",16
"308",1,17,"(11 + 23) * 3",102,10989.6840000822,"No","No",102
"308",1,18,"(19 - 4) * 5",NA,3351.12400004326,"No","No",75
"307",2,1,"(2 + 6) * 5",40,5694.58199994866,"No","No",40
"307",2,2,"(8 + 3) * 4",44,4698.55599994195,"No","No",44
"307",2,3,"(6 + 6) * 6",72,7335.23700002389,"No","No",72
"307",2,4,"(7 - 4) * 8",24,7191.04199993191,"No","No",24
"307",2,5,"(21 - 9) / 4",4,11535.0870000244,"No","No",3
"307",2,6,"(9 + 3) * 2",24,4881.02100003493,"No","No",24
"307",2,7,"(19 - 4) * 5",75,16999.43900001,"No","No",75
"307",2,8,"(3 + 3) * 3",NA,1536.63499995344,"No","No",18
"307",1,1,"(4 + 2) * 9",61,6130.25999999593,"No","No",54
"307",1,2,"(7 + 2) * 8",72,4564.96099996177,"No","No",72
"307",1,3,"(8 + 8) / 4",4,4731.54200002231,"No","No",4
"307",1,4,"(9 + 3) * 2",24,3183.56700001017,"No","No",24
"307",1,5,"(3 + 9) * 2",24,3423.63199995208,"No","No",24
"307",1,6,"(8 + 3) * 4",44,3934.11799998739,"No","No",44
"307",1,7,"(21 - 9) / 4",44,6296.02899994346,"No","No",3
"307",1,8,"(3 + 6) / 3",3,5004.36599998374,"No","No",3
"307",1,9,"(9 - 3) * 3",9,3891.50799995242,"No","No",18
"307",1,10,"(12 - 3) / 3",3,7047.55400003574,"No","No",3
"307",1,11,"(7 + 13) / 4",5,4789.52699994622,"No","No",5
"307",1,12,"(2 + 2) / 2",2,6797.64700000815,"No","No",2
"307",1,13,"(50 - 23) / 9",NA,50.6199999649543,"No","No",3
"305",2,1,"(12 - 3) / 3",3,9511.59999998886,"No","No",3
"305",2,2,"(50 - 23) / 9",3,7229.16900008119,"No","No",3
"305",2,3,"(5 + 3) / 4",2,4113.11499998753,"No","No",2
"305",2,4,"(6 + 6) / 3",4,5751.26399999671,"No","No",4
"305",2,5,"(8 + 8) / 4",4,5065.69600005361,"No","No",4
"305",2,6,"(7 - 4) * 8",24,8087.17499998969,"No","No",24
"305",2,7,"(9 - 3) * 3",18,4907.8830000009,"No","No",18
"305",2,8,"(9 + 3) * 2",24,2853.11100001686,"No","No",24
"305",2,9,"(45 - 23) / 11",2,8666.52300007397,"No","No",2
"305",2,10,"(21 - 9) / 4",NA,3700.39000001637,"No","No",3
"305",1,1,"(3 + 3) / 2",3,9553.38899999601,"No","No",3
"305",1,2,"(7 + 2) * 8",72,9004.2270000641,"No","No",72
"305",1,3,"(13 + 23) * 2",25,3682.38900005107,"No","No",72
"305",1,4,"(9 - 5) * 4",16,4716.28400006646,"No","No",16
"305",1,5,"(2 + 2) / 2",2,2459.07399998826,"No","No",2
"305",1,6,"(4 + 3) * 9",63,10591.7050000427,"No","No",63
"305",1,7,"(21 - 9) / 4",3,6911.8630000042,"No","No",3
"305",1,8,"(50 - 23) / 9",3,10900.9050000557,"No","No",3
"305",1,9,"(12 - 3) / 3",NA,2073.62300006347,"No","No",3
"304",2,1,"(2 + 3) * 4",20,4370.53400000371,"No","No",20
"304",2,2,"(2 + 2) * 16",64,7726.53899999149,"No","No",64
"304",2,3,"(7 + 2) * 8",72,4002.12100003194,"No","No",72
"304",2,4,"(4 + 3) * 4",28,2848.22399998549,"No","No",28
"304",2,5,"(23 - 17) / 6",1,6650.28500001878,"No","No",1
"304",2,6,"(2 + 5) * 2",14,4842.32700001262,"No","No",14
"304",2,7,"(17 + 23) / 8",5,6461.94900001585,"No","No",5
"304",2,8,"(3 + 3) * 8",48,3254.40100003406,"No","No",48
"304",2,9,"(12 - 3) / 3",3,3247.16900003608,"No","No",3
"304",2,10,"(1 + 7) * 6",48,2896.08599999268,"No","No",48
"304",2,11,"(3 + 6) / 3",3,2297.07800001185,"No","No",3
"304",2,12,"(2 + 2) / 2",NA,2096.72300002724,"No","No",2
"304",2,13,"(6 + 6) / 3",4,2570.54000001401,"No","No",4
"304",2,14,"(50 - 23) / 9",NA,6596.84700000752,"No","No",3
"304",1,1,"(50 - 23) / 9",3,5864.06200001575,"No","No",3
"304",1,2,"(7 + 2) * 8",72,2420.7360000331,"No","No",72
"304",1,3,"(9 + 3) * 2",24,2763.332000033,"No","No",24
"304",1,4,"(21 + 12) / 11",3,3968.56900002901,"No","No",3
"304",1,5,"(2 + 2) * 2",8,2573.35800002888,"No","No",8
"304",1,6,"(4 + 4) * 4",32,4456.37700004131,"No","No",32
"304",1,7,"(1 + 7) * 6",54,2480.84100003354,"No","No",48
"304",1,8,"(8 + 3) * 4",44,2772.54400002491,"No","No",44
"304",1,9,"(19 + 11) / 5",6,2895.62000001874,"No","No",6
"304",1,10,"(8 + 8) / 4",4,2633.81500001531,"No","No",4
"304",1,11,"(7 + 13) / 4",5,1988.99999999441,"No","No",5
"304",1,12,"(7 - 4) * 8",24,4778.70400000922,"No","No",24
"304",1,13,"(4 + 3) * 9",72,3219.00600003358,"No","No",63
"304",1,14,"(2 + 3) * 4",20,3934.24500004202,"No","No",20
"304",1,15,"(2 + 2) * 16",64,9386.41600003,"No","No",64
"304",1,16,"(4 - 3) * 8",8,3194.11000003386,"No","No",8
"304",1,17,"(2 + 6) * 5",NA,439.028000031598,"No","No",40
"300",2,1,"(1 + 7) * 6",48,14737.3759999965,"No","No",48
"300",2,2,"(45 - 23) / 11",2,6267.17099999639,"No","No",2
"300",2,3,"(3 + 6) / 3",3,3536.27200001571,"No","No",3
"300",2,4,"(50 - 23) / 9",3,5601.62800001609,"No","No",3
"300",2,5,"(7 + 2) * 8",72,5583.86700000067,"No","No",72
"300",2,6,"(7 + 8) * 3",45,7639.11000001413,"No","No",45
"300",2,7,"(8 + 8) / 4",4,3055.11700001472,"No","No",4
"300",2,8,"(4 - 3) * 8",8,2438.55900000644,"No","No",8
"300",2,9,"(4 + 2) * 9",36,4782.10200001585,"No","No",54
"300",2,10,"(17 + 23) / 8",5,3823.36499999446,"No","No",5
"300",2,11,"(23 - 17) / 6",NA,2480.23700000503,"No","No",1
"300",1,1,"(1 + 7) * 6",48,4461.4369999948,"No","No",48
"300",1,2,"(4 + 3) * 9",63,11885.9989999951,"No","No",63
"300",1,3,"(3 + 3) / 2",3,2543.03999999491,"No","No",3
"300",1,4,"(2 + 2) / 2",2,2220.41400000791,"No","No",2
"300",1,5,"(7 + 2) * 8",72,3332.44200000761,"No","No",72
"300",1,6,"(21 - 9) / 4",3,4995.88899999554,"No","No",3
"300",1,7,"(6 + 6) * 6",72,6020.79900000535,"No","No",72
"300",1,8,"(7 + 8) * 3",45,4081.94800001697,"No","No",45
"300",1,9,"(5 + 3) / 4",2,2513.56499999447,"No","No",2
"300",1,10,"(17 + 23) / 8",5,3337.02200000198,"No","No",5
"300",1,11,"(9 - 5) * 4",16,2359.49800001574,"No","No",16
"300",1,12,"(4 - 3) * 8",8,2234.03700000327,"No","No",8
"300",1,13,"(13 + 23) * 2",72,4768.46900001692,"No","No",72
"300",1,14,"(3 + 3) * 3",18,4031.11499999603,"No","No",18
"300",1,15,"(2 + 2) * 2",NA,1119.1440000023,"No","No",8
"298",2,1,"(2 + 2) * 2",8,3811.51100000099,"No","No",8
"298",2,2,"(8 + 3) * 4",44,3186.45400000352,"No","No",44
"298",2,3,"(3 + 3) * 8",48,3452.55900000979,"No","No",48
"298",2,4,"(4 + 2) * 9",54,4026.91500000283,"No","No",54
"298",2,5,"(12 - 3) / 3",3,3028.35400000378,"No","No",3
"298",2,6,"(4 - 3) * 8",8,3668.1820000048,"No","No",8
"298",2,7,"(8 + 8) / 4",4,2582.54800000542,"No","No",4
"298",2,8,"(6 + 6) / 3",4,2236.33999999572,"No","No",4
"298",2,9,"(3 + 3) / 2",3,2690.25900000799,"No","No",3
"298",2,10,"(9 - 5) * 4",16,2793.81599999953,"No","No",16
"298",2,11,"(45 - 23) / 11",2,4746.42499999865,"No","No",2
"298",2,12,"(7 + 8) * 3",45,5722.37500000931,"No","No",45
"298",2,13,"(2 + 5) * 2",14,2337.7799999984,"No","No",14
"298",2,14,"(2 + 2) * 16",234,9327.24000000686,"No","No",64
"298",2,15,"(3 + 9) * 2",24,4814.88100000989,"No","No",24
"298",2,16,"(3 + 6) / 3",NA,1406.62500000739,"No","No",3
"298",1,1,"(6 + 6) / 3",4,3345.37600000878,"No","No",4
"298",1,2,"(6 + 6) * 6",70,7596.61800000037,"No","No",72
"298",1,3,"(3 + 3) * 3",27,3404.28900000965,"No","No",18
"298",1,4,"(9 - 3) * 3",18,2828.40700000292,"No","No",18
"298",1,5,"(9 - 5) * 4",16,1990.40300000296,"No","No",16
"298",1,6,"(8 + 8) / 4",4,2047.72200000752,"No","No",4
"298",1,7,"(9 + 3) * 2",24,2369.37399999797,"No","No",24
"298",1,8,"(3 + 6) / 3",3,2076.75700000103,"No","No",3
"298",1,9,"(4 + 2) * 9",54,2764.01700000244,"No","No",54
"298",1,10,"(1 + 7) * 6",48,3026.65699999593,"No","No",48
"298",1,11,"(7 + 8) * 3",45,6410.32600000582,"No","No",45
"298",1,12,"(50 - 23) / 9",34,16887.7620000084,"No","No",3
"298",1,13,"(19 + 11) / 5",NA,5089.31700000074,"No","No",6
"297",2,1,"(12 - 3) / 3",3,16857.4370000479,"No","No",3
"297",2,2,"(9 - 3) * 3",18,5860.29600001522,"No","No",18
"297",2,3,"(2 + 3) * 4",20,4417.49200004054,"No","No",20
"297",2,4,"(50 - 23) / 9",3,10776.9300000277,"No","No",3
"297",2,5,"(45 - 23) / 11",2,6224.92200005805,"No","No",2
"297",2,6,"(4 + 3) * 9",63,5476.26499998895,"No","No",63
"297",2,7,"(11 + 23) * 3",NA,10261.5779999846,"No","No",102
"297",1,1,"(19 - 4) * 5",75,7045.4770000577,"No","No",75
"297",1,2,"(50 - 23) / 9",3,5744.93999998725,"No","No",3
"297",1,3,"(45 - 23) / 11",2,5382.55500001786,"No","No",2
"297",1,4,"(1 + 7) * 6",48,4051.20200001181,"No","No",48
"297",1,5,"(2 + 3) * 4",20,3980.19200005289,"No","No",20
"297",1,6,"(2 + 2) * 16",84,6262.54500004568,"No","No",64
"297",1,7,"(4 + 3) * 4",28,4112.97600005637,"No","No",28
"297",1,8,"(3 + 6) / 3",3,3007.92600004014,"No","No",3
"297",1,9,"(2 + 2) / 2",2,3192.72399997176,"No","No",2
"297",1,10,"(4 - 3) * 8",8,3291.51500004355,"No","No",8
"297",1,11,"(7 - 4) * 8",24,5738.73499996355,"No","No",24
"297",1,12,"(7 + 13) / 4",5,3281.64400000463,"No","No",5
"297",1,13,"(9 - 5) * 4",16,3480.03800005629,"No","No",16
"297",1,14,"(12 - 3) / 3",NA,1252.09299998346,"No","No",3
"292",2,1,"(21 - 9) / 4",3,39468.4249999904,"No","No",3
"292",2,2,"(2 + 5) * 2",NA,20501.1990000235,"No","No",14
"292",1,1,"(45 - 23) / 11",2,15344.1609999993,"No","No",2
"292",1,2,"(12 - 3) / 3",3,11650.3920000363,"No","No",3
"292",1,3,"(4 + 2) * 9",54,10920.0660000009,"No","No",54
"292",1,4,"(23 - 17) / 6",1,11554.9590000135,"No","No",1
"292",1,5,"(2 + 2) * 2",8,6388.48000003432,"No","No",8
"292",1,6,"(4 - 3) * 8",NA,4066.90700001887,"No","No",8
"291",2,1,"(4 + 3) * 9",63,8298.06999999908,"No","No",63
"291",2,2,"(2 + 5) * 2",20,3550.42799999905,"No","No",14
"291",2,3,"(9 - 5) * 4",16,4528.04299999963,"No","No",16
"291",2,4,"(2 + 2) / 2",2,4242.82399999967,"No","No",2
"291",2,5,"(12 - 3) / 3",3,3745.30000000034,"No","No",3
"291",2,6,"(5 + 3) / 4",2,3424.78800000029,"No","No",2
"291",2,7,"(1 + 7) * 6",48,7674.93199999997,"No","No",48
"291",2,8,"(3 + 6) / 3",3,5827.054999999,"No","No",3
"291",2,9,"(3 + 3) / 2",3,3748.25099999894,"No","No",3
"291",2,10,"(21 - 9) / 4",3,10894.8440000001,"No","No",3
"291",2,11,"(4 + 2) * 9",NA,3934.77799999987,"No","No",54
"291",1,1,"(12 - 3) / 3",3,5643.98800000019,"No","No",3
"291",1,2,"(13 + 23) * 2",72,9650.14599999943,"No","No",72
"291",1,3,"(23 - 17) / 6",1,10516.9090000006,"No","No",1
"291",1,4,"(4 + 2) * 9",54,5629.85800000065,"No","No",54
"291",1,5,"(8 + 8) / 4",4,5523.07999999897,"No","No",4
"291",1,6,"(7 - 4) * 8",24,6505.6240000003,"No","No",24
"291",1,7,"(4 - 3) * 8",8,6274.00299999898,"No","No",8
"291",1,8,"(9 - 3) * 3",18,3967.82099999895,"No","No",18
"291",1,9,"(2 + 6) * 5",40,3035.97100000043,"No","No",40
"291",1,10,"(5 + 3) / 4",NA,3120.99800000025,"No","No",2
"290",2,1,"(11 + 23) * 3",102,24141.3500000021,"No","No",102
"290",2,2,"(17 + 23) / 8",5,5183.56600000279,"No","No",5
"290",2,3,"(19 + 11) / 5",6,4290.45800000301,"No","No",6
"290",2,4,"(21 + 12) / 11",3,3739.93200000137,"No","No",3
"290",2,5,"(2 + 6) * 5",40,3135.88100000314,"No","No",40
"290",2,6,"(4 + 4) * 4",32,5201.40800000267,"No","No",32
"290",2,7,"(3 + 3) / 2",3,4854.68800000171,"No","No",3
"290",2,8,"(5 + 3) / 4",2,4497.24800000322,"No","No",2
"290",2,9,"(21 - 9) / 4",NA,4786.57500000147,"No","No",3
"290",1,1,"(17 + 23) / 8",5,4407.41600000113,"No","No",5
"290",1,2,"(7 + 13) / 4",5,2196.37500000058,"No","No",5
"290",1,3,"(2 + 2) * 2",8,3612.99400000274,"No","No",8
"290",1,4,"(6 + 6) / 3",4,2084.5720000033,"No","No",4
"290",1,5,"(3 + 6) / 3",3,2106.88200000324,"No","No",3
"290",1,6,"(8 + 3) * 4",44,2694.1580000011,"No","No",44
"290",1,7,"(12 - 3) / 3",3,3445.48100000166,"No","No",3
"290",1,8,"(3 + 9) * 2",24,2348.64800000144,"No","No",24
"290",1,9,"(9 - 5) * 4",16,2780.72600000061,"No","No",16
"290",1,10,"(7 + 8) * 3",45,3927.67800000333,"No","No",45
"290",1,11,"(2 + 2) * 16",64,6025.36100000038,"No","No",64
"290",1,12,"(50 - 23) / 9",3,7440.4850000001,"No","No",3
"290",1,13,"(6 + 6) * 6",72,6258.4780000014,"No","No",72
"290",1,14,"(19 + 11) / 5",6,3718.36700000218,"No","No",6
"290",1,15,"(23 - 17) / 6",1,4400.34100000327,"No","No",1
"290",1,16,"(2 + 5) * 2",NA,2286.50000000349,"No","No",14
"289",2,1,"(21 - 9) / 4",3,13773.8129999513,"No","No",3
"289",2,2,"(9 + 3) * 2",24,5002.72499997492,"No","No",24
"289",2,3,"(2 + 3) * 4",20,3189.77599999151,"No","No",20
"289",2,4,"(19 + 11) / 5",6,5018.21599997641,"No","No",6
"289",2,5,"(4 + 2) * 9",56,10880.0779999524,"No","No",54
"289",2,6,"(2 + 2) / 2",2,3342.00599996679,"No","No",2
"289",2,7,"(23 - 17) / 6",0.5,14935.6619999741,"No","No",1
"289",2,8,"(7 + 8) * 3",NA,3753.69600000634,"No","No",45
"289",1,1,"(5 + 3) / 4",2,3820.94399998651,"No","No",2
"289",1,2,"(2 + 3) * 4",20,3022.08600000048,"No","No",20
"289",1,3,"(50 - 23) / 9",5,25356.9029999743,"No","No",3
"289",1,4,"(9 + 3) * 2",24,3156.50199996255,"No","No",24
"289",1,5,"(4 - 3) * 8",8,3324.4319999548,"No","No",8
"289",1,6,"(6 + 6) * 6",72,15531.8169999823,"No","No",72
"289",1,7,"(19 - 4) * 5",NA,5687.85899997712,"No","No",75
"287",2,1,"(6 + 6) / 3",3,7245.62,"No","No",4
"287",2,2,"(9 - 3) * 3",18,8550.09999999998,"No","No",18
"287",2,3,"(8 + 3) * 4",60,6180.41999999998,"No","No",44
"287",2,4,"(17 + 23) / 8",5,14404.9,"No","No",5
"287",2,5,"(8 + 8) / 4",4,6850.12,"No","No",4
"287",2,6,"(3 + 3) / 2",3,4861.40000000002,"No","No",3
"287",2,7,"(1 + 7) * 6",48,5861.26000000001,"No","No",48
"287",2,8,"(21 + 12) / 11",NA,5771.91999999998,"No","No",3
"287",1,1,"(6 + 6) / 3",3,3477.35999999999,"No","No",4
"287",1,2,"(1 + 7) * 6",48,7173.79999999999,"No","No",48
"287",1,3,"(2 + 2) * 2",8,4004.76000000001,"No","No",8
"287",1,4,"(2 + 6) * 5",40,6181.84000000003,"No","No",40
"287",1,5,"(6 + 6) * 6",80,3834.5,"No","No",72
"287",1,6,"(5 + 3) / 4",2,4208.23999999999,"No","No",2
"287",1,7,"(11 + 23) * 3",8,6657.62,"No","No",102
"287",1,8,"(50 - 23) / 9",5,15225.8,"No","No",3
"287",1,9,"(2 + 2) / 2",2,3920.52000000002,"No","No",2
"287",1,10,"(13 + 23) * 2",NA,5828.12,"No","No",72
"286",2,1,"(7 + 8) * 3",45,8842.00400018506,"No","No",45
"286",2,2,"(7 + 13) / 4",5,4103.78600006679,"No","No",5
"286",2,3,"(4 + 3) * 9",49,6636.50500037073,"No","No",63
"286",2,4,"(9 - 3) * 3",18,3624.84100016928,"No","No",18
"286",2,5,"(11 + 23) * 3",102,15255.2190003527,"No","No",102
"286",2,6,"(9 - 5) * 4",16,2833.77199995931,"No","No",16
"286",2,7,"(17 + 23) / 8",10,5465.86700009013,"No","No",5
"286",2,8,"(21 + 12) / 11",3,4359.59400009608,"No","No",3
"286",2,9,"(2 + 2) / 2",2,2623.0049999656,"No","No",2
"286",2,10,"(8 + 3) * 4",44,3199.80100025795,"No","No",44
"286",2,11,"(19 + 11) / 5",NA,2933.35100027599,"No","No",6
"286",1,1,"(21 + 12) / 11",3,4311.21899995219,"No","No",3
"286",1,2,"(2 + 3) * 4",20,2221.76699998823,"No","No",20
"286",1,3,"(2 + 2) * 16",64,12108.8220002407,"No","No",64
"286",1,4,"(45 - 23) / 11",2,9965.81599995232,"No","No",2
"286",1,5,"(4 - 3) * 8",8,4190.65699998464,"No","No",8
"286",1,6,"(9 - 3) * 3",18,3542.21400029492,"No","No",18
"286",1,7,"(9 + 3) * 2",24,3500.08400008641,"No","No",24
"286",1,8,"(4 + 3) * 4",28,3719.30800012313,"No","No",28
"286",1,9,"(9 - 5) * 4",16,3153.61800030235,"No","No",16
"286",1,10,"(6 + 6) * 6",72,5774.7660002521,"No","No",72
"286",1,11,"(3 + 6) / 3",3,3166.10000032396,"No","No",3
"286",1,12,"(17 + 23) / 8",NA,4215.12500012515,"No","No",5
"285",2,1,"(4 + 4) * 4",32,7592.25100000005,"No","No",32
"285",2,2,"(11 + 23) * 3",102,18729.4790000006,"No","No",102
"285",2,3,"(6 + 6) / 3",4,4727.66900000046,"No","No",4
"285",2,4,"(5 + 3) / 4",2,4877.50900000014,"No","No",2
"285",2,5,"(19 - 4) * 5",75,19605.1000000007,"No","No",75
"285",2,6,"(13 + 23) * 2",NA,4336.34700000065,"No","No",72
"285",1,1,"(4 + 2) * 9",72,8384.06199999992,"No","No",54
"285",1,2,"(8 + 8) / 4",4,2932.25800000015,"No","No",4
"285",1,3,"(50 - 23) / 9",3,7491.46200000017,"No","No",3
"285",1,4,"(2 + 2) / 2",2,1761.19200000039,"No","No",2
"285",1,5,"(19 - 4) * 5",75,3696.71100000036,"No","No",75
"285",1,6,"(5 + 3) / 4",2,2349.14600000007,"No","No",2
"285",1,7,"(17 + 23) / 8",5,6148.00200000021,"No","No",5
"285",1,8,"(23 - 17) / 6",1,3770.321,"No","No",1
"285",1,9,"(3 + 6) / 3",3,2053.98400000029,"No","No",3
"285",1,10,"(9 - 5) * 4",1,2261.21000000031,"No","No",16
"285",1,11,"(45 - 23) / 11",2,6514.44400000048,"No","No",2
"285",1,12,"(8 + 3) * 4",44,2731.76900000032,"No","No",44
"285",1,13,"(2 + 2) * 16",NA,9618.73100000049,"No","No",64
"283",2,1,"(12 - 3) / 3",3,5496.68900000374,"No","No",3
"283",2,2,"(7 + 13) / 4",5,5185.71300000709,"No","No",5
"283",2,3,"(2 + 2) * 2",8,3210.45400001132,"No","No",8
"283",2,4,"(5 + 3) / 4",2,4851.5929999997,"No","No",2
"283",2,5,"(19 + 11) / 5",6,4911.88900000154,"No","No",6
"283",2,6,"(17 + 23) / 8",5,6102.37400000473,"No","No",5
"283",2,7,"(11 + 23) * 3",102,12359.8800000062,"No","No",102
"283",2,8,"(4 - 3) * 8",8,3632.66700000549,"No","No",8
"283",2,9,"(9 - 3) * 3",18,4359.34900001029,"No","No",18
"283",2,10,"(23 - 17) / 6",NA,9771.29000001115,"No","No",1
"283",1,1,"(9 + 3) * 2",24,4293.68400000967,"No","No",24
"283",1,2,"(3 + 9) * 2",24,4626.00600000913,"No","No",24
"283",1,3,"(3 + 3) * 8",72,5212.28000001062,"No","No",48
"283",1,4,"(7 + 13) / 4",5,2994.85400000226,"No","No",5
"283",1,5,"(45 - 23) / 11",2,5992.70900000224,"No","No",2
"283",1,6,"(19 - 4) * 5",75,5807.20000000496,"No","No",75
"283",1,7,"(2 + 2) * 2",8,2588.2769999993,"No","No",8
"283",1,8,"(3 + 3) * 3",18,3257.39200000034,"No","No",18
"283",1,9,"(21 + 12) / 11",3,3718.52500000829,"No","No",3
"283",1,10,"(2 + 3) * 4",20,3727.95700000005,"No","No",20
"283",1,11,"(6 + 6) / 3",4,3474.88199999928,"No","No",4
"283",1,12,"(4 + 4) * 4",48,7511.05400001223,"No","No",32
"283",1,13,"(3 + 3) / 2",3,3192.55300000613,"No","No",3
"283",1,14,"(2 + 5) * 2",14,3487.57900000282,"No","No",14
"282",2,1,"(19 + 11) / 5",6,7152.40999999997,"No","No",6
"282",2,2,"(2 + 3) * 4",20,4655.54300000001,"No","No",20
"282",2,3,"(7 + 2) * 8",72,3616.85999999999,"No","No",72
"282",2,4,"(2 + 2) * 2",8,2985.95100000006,"No","No",8
"282",2,5,"(5 + 3) / 4",2,3531.99800000002,"No","No",2
"282",2,6,"(9 + 3) * 2",24,2919.79300000012,"No","No",24
"282",2,7,"(12 - 3) / 3",3,4763.86900000006,"No","No",3
"282",2,8,"(3 + 3) * 8",48,5709.15800000005,"No","No",48
"282",2,9,"(3 + 9) * 2",24,2768.96300000005,"No","No",24
"282",2,10,"(4 - 3) * 8",8,2095.09500000003,"No","No",8
"282",2,11,"(6 + 6) / 3",4,3828.19000000006,"No","No",4
"282",2,12,"(2 + 5) * 2",20,2837.56900000008,"No","No",14
"282",2,13,"(4 + 4) * 4",24,3145.28100000002,"No","No",32
"282",2,14,"(9 - 5) * 4",54,3136.62900000002,"No","No",16
"282",2,15,"(2 + 2) * 16",62,5938.83900000004,"No","No",64
"282",2,16,"(7 + 8) * 3",NA,733.549000000115,"No","No",45
"282",1,1,"(9 + 3) * 2",24,3599.6860000001,"No","No",24
"282",1,2,"(2 + 2) * 16",64,7851.55900000012,"No","No",64
"282",1,3,"(3 + 3) * 3",18,2750.24399999995,"No","No",18
"282",1,4,"(9 - 3) * 3",18,3579.95899999992,"No","No",18
"282",1,5,"(17 + 23) / 8",5,4387.43200000015,"No","No",5
"282",1,6,"(21 - 9) / 4",3,4904.93300000008,"No","No",3
"282",1,7,"(3 + 9) * 2",24,2304.52400000009,"No","No",24
"282",1,8,"(9 - 5) * 4",16,2480.08600000001,"No","No",16
"282",1,9,"(11 + 23) * 3",72,6399.70400000003,"No","No",102
"282",1,10,"(4 - 3) * 8",8,2251.46600000001,"No","No",8
"282",1,11,"(50 - 23) / 9",4,4051.07000000007,"No","No",3
"282",1,12,"(1 + 7) * 6",48,5812.95600000001,"No","No",48
"282",1,13,"(2 + 3) * 4",20,3866.25300000014,"No","No",20
"282",1,14,"(8 + 3) * 4",44,3686.06300000008,"No","No",44
"282",1,15,"(4 + 4) * 4",NA,1931.73399999994,"No","No",32
"281",2,1,"(11 + 23) * 3",99,6770.39999999999,"No","No",102
"281",2,2,"(3 + 9) * 2",24,2743.54000000001,"No","No",24
"281",2,3,"(8 + 3) * 4",44,4119.78,"No","No",44
"281",2,4,"(9 - 3) * 3",18,3365.12,"No","No",18
"281",2,5,"(9 + 3) * 2",24,2343.76000000001,"No","No",24
"281",2,6,"(8 + 8) / 4",4,2509.89999999999,"No","No",4
"281",2,7,"(9 - 5) * 4",16,4432.22,"No","No",16
"281",2,8,"(12 - 3) / 3",3,4345.28,"No","No",3
"281",2,9,"(7 + 8) * 3",45,2794.60000000001,"No","No",45
"281",2,10,"(5 + 3) / 4",2,2589.20000000001,"No","No",2
"281",2,11,"(21 - 9) / 4",3,9443.07999999999,"No","No",3
"281",2,12,"(4 + 4) * 4",32,5500.92000000001,"No","No",32
"281",2,13,"(21 + 12) / 11",3,5005.44,"No","No",3
"281",2,14,"(45 - 23) / 11",NA,3663.39999999999,"No","No",2
"281",1,1,"(4 + 3) * 9",63,13770.26,"No","No",63
"281",1,2,"(7 - 4) * 8",24,4828.79999999999,"No","No",24
"281",1,3,"(2 + 5) * 2",14,3499.90000000002,"No","No",14
"281",1,4,"(2 + 6) * 5",45,4032.29999999999,"No","No",40
"281",1,5,"(17 + 23) / 8",5,4235.78000000003,"No","No",5
"281",1,6,"(4 + 4) * 4",32,3457.71999999997,"No","No",32
"281",1,7,"(7 + 13) / 4",5,2572.03999999998,"No","No",5
"281",1,8,"(6 + 6) * 6",72,10366.44,"No","No",72
"281",1,9,"(3 + 9) * 2",24,2711.38,"No","No",24
"281",1,10,"(2 + 2) / 2",2,2511.26000000001,"No","No",2
"281",1,11,"(21 + 12) / 11",3,4166.96000000002,"No","No",3
"281",1,12,"(23 - 17) / 6",NA,3580.03999999998,"No","No",1
"280",2,1,"(17 + 23) / 8",3,6423.91899996856,"No","No",5
"280",2,2,"(9 - 3) * 3",18,3100.67399995332,"No","No",18
"280",2,3,"(8 + 3) * 4",44,3743.51699996521,"No","No",44
"280",2,4,"(4 - 3) * 8",8,5066.13599994819,"No","No",8
"280",2,5,"(2 + 2) * 16",64,9296.31099998433,"No","No",64
"280",2,6,"(19 - 4) * 5",75,6121.25299996385,"No","No",75
"280",2,7,"(3 + 6) / 3",3,2746.3139999845,"No","No",3
"280",2,8,"(11 + 23) * 3",103,7861.61099996095,"No","No",102
"280",2,9,"(3 + 3) / 2",3,2980.88699996096,"No","No",3
"280",2,10,"(5 + 3) / 4",2,3099.31299998378,"No","No",2
"280",2,11,"(2 + 2) * 2",8,2638.36099999296,"No","No",8
"280",2,12,"(2 + 3) * 4",20,2666.71199995268,"No","No",20
"280",2,13,"(4 + 2) * 9",54,3357.15199996287,"No","No",54
"280",2,14,"(23 - 17) / 6",NA,719.133999976882,"No","No",1
"280",1,1,"(2 + 2) / 2",2,2343.73600000492,"No","No",2
"280",1,2,"(50 - 23) / 9",3,5758.47999999032,"No","No",3
"280",1,3,"(13 + 23) * 2",72,4413.26299996919,"No","No",72
"280",1,4,"(7 - 4) * 8",24,2701.75299996871,"No","No",24
"280",1,5,"(5 + 3) / 4",2,3015.74499999837,"No","No",2
"280",1,6,"(45 - 23) / 11",2,5216.42299995257,"No","No",2
"280",1,7,"(4 + 4) * 4",32,3403.07299998426,"No","No",32
"280",1,8,"(3 + 3) * 3",18,3586.75799998629,"No","No",18
"280",1,9,"(17 + 23) / 8",5,11754.6019999975,"No","No",5
"280",1,10,"(2 + 2) * 16",64,4192.95999995281,"No","No",64
"280",1,11,"(6 + 6) / 3",4,2522.47199995199,"No","No",4
"280",1,12,"(2 + 3) * 4",20,2411.37499998987,"No","No",20
"280",1,13,"(2 + 6) * 5",40,3495.17900000489,"No","No",40
"280",1,14,"(19 - 4) * 5",75,3755.01299995964,"No","No",75
"280",1,15,"(7 + 8) * 3",NA,1250.14099999401,"No","No",45
"240",2,1,"(4 - 3) * 8",38,23833.9939999983,"No","No",8
"240",2,2,"(19 + 11) / 5",6,7882.6550000014,"No","No",6
"240",2,3,"(2 + 3) * 4",20,4615.95900000122,"No","No",20
"240",2,4,"(5 + 3) / 4",2,4388.56600001556,"No","No",2
"240",2,5,"(8 + 8) / 4",4,3935.60700002091,"No","No",4
"240",2,6,"(13 + 23) * 2",NA,15257.2240000055,"No","No",72
"240",1,1,"(7 + 13) / 4",5,5820.46999999374,"No","No",5
"240",1,2,"(3 + 3) * 8",42,5181.37500002037,"No","No",48
"240",1,3,"(8 + 8) / 4",4,3270.51399999991,"No","No",4
"240",1,4,"(21 - 9) / 4",3,4978.42200000258,"No","No",3
"240",1,5,"(19 - 4) * 5",155,11818.4620000093,"No","No",75
"240",1,6,"(3 + 3) / 2",3,2958.37800001423,"No","No",3
"240",1,7,"(11 + 23) * 3",42,8842.4649999949,"No","No",102
"240",1,8,"(3 + 3) * 3",9,3473.9780000117,"No","No",18
"240",1,9,"(7 - 4) * 8",24,4856.29400001495,"No","No",24
"240",1,10,"(1 + 7) * 6",42,3809.63600001525,"No","No",48
"240",1,11,"(2 + 2) / 2",2,3161.77700000204,"No","No",2
"240",1,12,"(4 + 3) * 9",NA,1692.80700002046,"No","No",63
"279",2,1,"(2 + 2) / 2",2,4394.25799999919,"No","No",2
"279",2,2,"(4 + 3) * 4",28,4169.4340000003,"No","No",28
"279",2,3,"(8 + 3) * 4",44,3056.26800000001,"No","No",44
"279",2,4,"(3 + 3) * 3",18,3073.72400000069,"No","No",18
"279",2,5,"(2 + 2) * 16",64,6455.5140000009,"No","No",64
"279",2,6,"(11 + 23) * 3",104,7900.10599999916,"No","No",102
"279",2,7,"(3 + 6) / 3",1,3565.75599999941,"No","No",3
"279",2,8,"(9 + 3) * 2",24,4215.56599999964,"No","No",24
"279",2,9,"(19 + 11) / 5",6,11452.4020000008,"No","No",6
"279",2,10,"(5 + 3) / 4",2,4611.19400000083,"No","No",2
"279",2,11,"(2 + 2) * 2",8,3352.71199999913,"No","No",8
"279",2,12,"(23 - 17) / 6",NA,3605.17999999976,"No","No",1
"279",1,1,"(19 + 11) / 5",6,11823.7919999993,"No","No",6
"279",1,2,"(7 - 4) * 8",88,2720.93200000073,"No","No",24
"279",1,3,"(4 - 3) * 8",8,2423.70800000033,"No","No",8
"279",1,4,"(5 + 3) / 4",2,3251.47200000077,"No","No",2
"279",1,5,"(3 + 6) / 3",3,2987.93599999952,"No","No",3
"279",1,6,"(7 + 13) / 4",5,4465.05600000033,"No","No",5
"279",1,7,"(9 + 3) * 2",22,2366.56800000067,"No","No",24
"279",1,8,"(23 - 17) / 6",4,12689.3300000008,"No","No",1
"279",1,9,"(45 - 23) / 11",2,10721.8380000008,"No","No",2
"279",1,10,"(8 + 8) / 4",4,4907.93400000071,"No","No",4
"279",1,11,"(4 + 4) * 4",NA,1524.46400000015,"No","No",32
"278",2,1,"(9 - 3) * 3",18,49103.061,"yes","No",18
"278",2,2,"(6 + 6) / 3",NA,10866.846,"yes","No",4
"278",1,1,"(7 - 4) * 8",24,12311.0700000001,"yes","No",24
"278",1,2,"(12 - 3) / 3",3,8106.53399999999,"yes","No",3
"278",1,3,"(4 - 3) * 8",8,9088.23300000012,"yes","No",8
"278",1,4,"(4 + 4) * 4",20,8858.39299999992,"yes","No",32
"278",1,5,"(21 + 12) / 11",3,10626.4090000001,"yes","No",3
"278",1,6,"(21 - 9) / 4",NA,10949.973,"yes","No",3
"277",2,1,"(7 + 13) / 4",5,3200.04799999768,"No","No",5
"277",2,2,"(7 - 4) * 8",24,3306.30299999894,"No","No",24
"277",2,3,"(17 + 23) / 8",10,6542.55700000148,"No","No",5
"277",2,4,"(4 + 4) * 4",32,5021.10800000108,"No","No",32
"277",2,5,"(21 + 12) / 11",3,3923.43999999468,"No","No",3
"277",2,6,"(7 + 8) * 3",45,4074.33999999642,"No","No",45
"277",2,7,"(8 + 3) * 4",44,3869.81499999706,"No","No",44
"277",2,8,"(9 - 3) * 3",24,3604.52300000013,"No","No",18
"277",2,9,"(23 - 17) / 6",1,3600.07499999879,"No","No",1
"277",2,10,"(45 - 23) / 11",2,3763.18200000079,"No","No",2
"277",2,11,"(3 + 3) / 2",3,2192.60799999518,"No","No",3
"277",2,12,"(4 + 2) * 9",54,6350.74899999751,"No","No",54
"277",2,13,"(2 + 2) / 2",2,3710.31299999938,"No","No",2
"277",2,14,"(13 + 23) * 2",72,5186.27499999542,"No","No",72
"277",2,15,"(8 + 8) / 4",NA,1436.84399999451,"No","No",4
"277",1,1,"(21 + 12) / 11",3,4559.17200000078,"No","No",3
"277",1,2,"(4 + 3) * 4",48,3852.51900000003,"No","No",28
"277",1,3,"(1 + 7) * 6",64,8018.72099999787,"No","No",48
"277",1,4,"(4 - 3) * 8",8,2578.37999999529,"No","No",8
"277",1,5,"(3 + 3) / 2",3,4135.55199999822,"No","No",3
"277",1,6,"(2 + 2) / 2",2,7887.76099999831,"No","No",2
"277",1,7,"(3 + 3) * 8",64,8045.59799999726,"No","No",48
"277",1,8,"(8 + 8) / 4",4,7220.48199999449,"No","No",4
"277",1,9,"(9 - 3) * 3",NA,6090.63300000003,"No","No",18
"277",1,10,"(2 + 2) * 16",64,5248.66999999754,"No","No",64
"277",1,11,"(12 - 3) / 3",NA,2218.66400000144,"No","No",3
"276",2,1,"(8 + 8) / 4",4,3182.99499999906,"No","No",4
"276",2,2,"(23 - 17) / 6",1,5947.08999999741,"No","No",1
"276",2,3,"(12 - 3) / 3",3,2536.21499999915,"No","No",3
"276",2,4,"(3 + 9) * 2",24,1960.80299999993,"No","No",24
"276",2,5,"(45 - 23) / 11",2,3736.00799999881,"No","No",2
"276",2,6,"(19 + 11) / 5",6,2731.33399999855,"No","No",6
"276",2,7,"(9 - 3) * 3",18,4219.58099999963,"No","No",18
"276",2,8,"(3 + 3) * 3",18,3182.82999999973,"No","No",18
"276",2,9,"(1 + 7) * 6",48,3483.52199999799,"No","No",48
"276",2,10,"(6 + 6) / 3",6,2696.36999999918,"No","No",4
"276",2,11,"(2 + 5) * 2",20,2284.39499999865,"No","No",14
"276",2,12,"(7 + 8) * 3",45,2144.42499999772,"No","No",45
"276",2,13,"(7 - 4) * 8",24,2882.46099999765,"No","No",24
"276",2,14,"(21 + 12) / 11",3,3391.96999999983,"No","No",3
"276",2,15,"(6 + 6) * 6",72,3172.86299999972,"No","No",72
"276",2,16,"(4 + 4) * 4",32,2800.89499999757,"No","No",32
"276",2,17,"(5 + 3) / 4",2,2784.76700000011,"No","No",2
"276",2,18,"(7 + 13) / 4",5,2009.86399999919,"No","No",5
"276",2,19,"(11 + 23) * 3",NA,4737.94199999806,"No","No",102
"276",1,1,"(2 + 2) * 16",64,5262.48399999936,"No","No",64
"276",1,2,"(6 + 6) / 3",4,2789.98099999991,"No","No",4
"276",1,3,"(6 + 6) * 6",72,3283.65899999987,"No","No",72
"276",1,4,"(2 + 5) * 2",20,1712.60899999825,"No","No",14
"276",1,5,"(4 + 3) * 9",63,3625.72500000085,"No","No",63
"276",1,6,"(9 - 3) * 3",18,2411.5159999993,"No","No",18
"276",1,7,"(3 + 3) * 3",18,2043.00399999967,"No","No",18
"276",1,8,"(3 + 6) / 3",3,1982.08199999906,"No","No",3
"276",1,9,"(21 - 9) / 4",3,16862.4129999975,"No","No",3
"276",1,10,"(21 + 12) / 11",3,1768.54399999772,"No","No",3
"276",1,11,"(4 + 2) * 9",54,9713.14100000105,"No","No",54
"276",1,12,"(50 - 23) / 9",3,2552.98599999887,"No","No",3
"276",1,13,"(19 + 11) / 5",6,2415.15100000042,"No","No",6
"276",1,14,"(7 + 8) * 3",45,3324.43799999973,"No","No",45
"276",1,15,"(23 - 17) / 6",NA,160.453000000503,"No","No",1
"274",2,1,"(2 + 2) * 16",64,22526.9610000024,"No","No",64
"274",2,2,"(45 - 23) / 11",2,29208.5819999999,"No","No",2
"274",2,3,"(3 + 3) * 8",NA,8210.80500000122,"No","No",48
"274",1,1,"(3 + 9) * 2",24,8020.87000000227,"No","No",24
"274",1,2,"(7 + 13) / 4",5,10097.9030000006,"No","No",5
"274",1,3,"(9 - 5) * 4",16,7267.59999999969,"No","No",16
"274",1,4,"(2 + 6) * 5",40,12809.910000001,"No","No",40
"274",1,5,"(21 - 9) / 4",NA,21676.9530000007,"No","No",3
"273",2,1,"(3 + 9) * 2",24,13978.3200000001,"No","No",24
"273",2,2,"(7 + 13) / 4",5,7028.97000000003,"No","No",5
"273",2,3,"(8 + 3) * 4",44,8280.16100000002,"No","No",44
"273",2,4,"(8 + 8) / 4",4,4597.70699999999,"No","No",4
"273",2,5,"(7 - 4) * 8",24,6464.86599999998,"No","No",24
"273",2,6,"(4 + 2) * 9",54,9307.74100000015,"No","No",54
"273",2,7,"(6 + 6) * 6",72,7128.08700000012,"No","No",72
"273",2,8,"(12 - 3) / 3",NA,3118.11400000006,"No","No",3
"273",1,1,"(6 + 6) * 6",72,7479.42300000007,"No","No",72
"273",1,2,"(23 - 17) / 6",1,5573.01100000017,"No","No",1
"273",1,3,"(2 + 6) * 5",40,3181.38600000006,"No","No",40
"273",1,4,"(7 + 13) / 4",5,2741.68400000001,"No","No",5
"273",1,5,"(9 - 3) * 3",18,5216.77100000007,"No","No",18
"273",1,6,"(2 + 2) * 16",64,11986.014,"No","No",64
"273",1,7,"(1 + 7) * 6",48,5337.52200000011,"No","No",48
"273",1,8,"(4 + 4) * 4",32,7950.48900000006,"No","No",32
"273",1,9,"(3 + 3) / 2",3,3105.97499999998,"No","No",3
"273",1,10,"(3 + 3) * 3",18,3514.60200000007,"No","No",18
"273",1,11,"(3 + 3) * 8",48,3782.80800000008,"No","No",48
"272",2,1,"(3 + 3) / 2",3,6528.52000000843,"No","No",3
"272",2,2,"(19 - 4) * 5",75,9356.88700000336,"No","No",75
"272",2,3,"(7 + 13) / 4",5,5047.90100000647,"No","No",5
"272",2,4,"(3 + 9) * 2",24,8032.11300000176,"No","No",24
"272",2,5,"(4 + 4) * 4",32,6633.88700000365,"No","No",32
"272",2,6,"(12 - 3) / 3",3,4659.48400000908,"No","No",3
"272",2,7,"(19 + 11) / 5",6,8825.56000000291,"No","No",6
"272",2,8,"(11 + 23) * 3",NA,10832.660000011,"No","No",102
"272",1,1,"(8 + 8) / 4",4,7051.46100000606,"No","No",4
"272",1,2,"(3 + 6) / 3",3,3720.22399999946,"No","No",3
"272",1,3,"(6 + 6) / 3",4,4853.66900000919,"No","No",4
"272",1,4,"(2 + 2) / 2",2,2785.74200000742,"No","No",2
"272",1,5,"(7 + 2) * 8",72,8588.51700000733,"No","No",72
"272",1,6,"(4 + 2) * 9",54,6789.86399999971,"No","No",54
"272",1,7,"(1 + 7) * 6",48,13959.8020000084,"No","No",48
"272",1,8,"(11 + 23) * 3",NA,12165.3610000036,"No","No",102
"271",2,1,"(3 + 3) * 3",18,5766.40500002381,"No","No",18
"271",2,2,"(19 + 11) / 5",6,3409.78899997679,"No","No",6
"271",2,3,"(9 + 3) * 2",24,2881.71600002973,"No","No",24
"271",2,4,"(7 + 13) / 4",5,2821.25299992616,"No","No",5
"271",2,5,"(3 + 3) * 8",48,4482.89599998289,"No","No",48
"271",2,6,"(11 + 23) * 3",102,9440.11499995846,"No","No",102
"271",2,7,"(7 + 8) * 3",45,2623.88499997905,"No","No",45
"271",2,8,"(7 - 4) * 8",24,1886.55599997187,"No","No",24
"271",2,9,"(23 - 17) / 6",1,3097.25600003102,"No","No",1
"271",2,10,"(12 - 3) / 3",3,2507.9409999933,"No","No",3
"271",2,11,"(2 + 2) * 2",8,2158.50099992042,"No","No",8
"271",2,12,"(17 + 23) / 8",5,3263.40699992055,"No","No",5
"271",2,13,"(21 + 12) / 11",3,4026.71099993814,"No","No",3
"271",2,14,"(5 + 3) / 4",2,1728.43900002213,"No","No",2
"271",2,15,"(2 + 6) * 5",40,3074.63299998752,"No","No",40
"271",2,16,"(21 - 9) / 4",3,3910.32999994012,"No","No",3
"271",2,17,"(2 + 2) / 2",2,2137.36799999682,"No","No",2
"271",2,18,"(4 - 3) * 8",NA,589.1479999359,"No","No",8
"271",1,1,"(21 + 12) / 11",3,3825.30700001412,"No","No",3
"271",1,2,"(2 + 3) * 4",20,1718.62099994731,"No","No",20
"271",1,3,"(6 + 6) * 6",72,3240.86700001115,"No","No",72
"271",1,4,"(23 - 17) / 6",1,2445.18699997943,"No","No",1
"271",1,5,"(9 + 3) * 2",24,1811.07399994833,"No","No",24
"271",1,6,"(45 - 23) / 11",2,2849.50299996336,"No","No",2
"271",1,7,"(7 - 4) * 8",24,1843.60399995628,"No","No",24
"271",1,8,"(2 + 6) * 5",40,5667.29599996947,"No","No",40
"271",1,9,"(19 - 4) * 5",75,4741.86600000365,"No","No",75
"271",1,10,"(7 + 13) / 4",5,2045.97399996477,"No","No",5
"271",1,11,"(2 + 2) * 2",2,1251.97200003441,"No","No",8
"271",1,12,"(3 + 3) * 3",18,3248.30499994825,"No","No",18
"271",1,13,"(12 - 3) / 3",3,2245.60800000397,"No","No",3
"271",1,14,"(3 + 3) * 8",48,2682.3329999682,"No","No",48
"271",1,15,"(5 + 3) / 4",2,1623.68400002306,"No","No",2
"271",1,16,"(3 + 9) * 2",24,1995.61400002078,"No","No",24
"271",1,17,"(8 + 3) * 4",44,2666.55500002892,"No","No",44
"271",1,18,"(2 + 2) / 2",2,1477.88299998164,"No","No",2
"271",1,19,"(2 + 5) * 2",14,2842.30499993509,"No","No",14
"271",1,20,"(19 + 11) / 5",6,2647.3629999212,"No","No",6
"271",1,21,"(6 + 6) / 3",4,1564.41300001449,"No","No",4
"271",1,22,"(7 + 8) * 3",45,3565.68699998164,"No","No",45
"271",1,23,"(17 + 23) / 8",NA,1770.89100001322,"No","No",5
"270",2,1,"(9 + 3) * 2",24,2236.35999998683,"No","No",24
"270",2,2,"(4 + 4) * 4",32,3928.888999991,"No","No",32
"270",2,3,"(9 - 3) * 3",18,2293.79899999883,"No","No",18
"270",2,4,"(4 + 2) * 9",54,3410.29800000205,"No","No",54
"270",2,5,"(19 - 4) * 5",75,3941.07599999348,"No","No",75
"270",2,6,"(21 - 9) / 4",3,8608.30500000675,"No","No",3
"270",2,7,"(8 + 8) / 4",4,2854.69700000173,"No","No",4
"270",2,8,"(4 + 3) * 9",63,4154.43000000448,"No","No",63
"270",2,9,"(2 + 2) * 16",68,4451.15599999629,"No","No",64
"270",2,10,"(3 + 3) * 3",18,3107.38999999012,"No","No",18
"270",2,11,"(50 - 23) / 9",3,4505.13999998727,"No","No",3
"270",2,12,"(13 + 23) * 2",72,4234.31999998528,"No","No",72
"270",2,13,"(7 + 2) * 8",56,8497.97900000913,"No","No",72
"270",2,14,"(3 + 9) * 2",24,3634.19899999176,"No","No",24
"270",1,1,"(17 + 23) / 8",5,6692.69800000743,"No","No",5
"270",1,2,"(7 + 13) / 4",5,3811.05299999879,"No","No",5
"270",1,3,"(2 + 6) * 5",40,4089.41399998963,"No","No",40
"270",1,4,"(11 + 23) * 3",14,9540.44899998954,"No","No",102
"270",1,5,"(9 + 3) * 2",24,2977.65099999576,"No","No",24
"270",1,6,"(50 - 23) / 9",3,16560.0060000001,"No","No",3
"270",1,7,"(12 - 3) / 3",3,8377.10100000654,"No","No",3
"270",1,8,"(1 + 7) * 6",NA,7894.64199998428,"No","No",48
"269",2,1,"(12 - 3) / 3",3,15457.5699999895,"No","No",3
"269",2,2,"(7 + 8) * 3",45,2728.81599998672,"No","No",45
"269",2,3,"(9 - 5) * 4",16,2352.16299998009,"No","No",16
"269",2,4,"(3 + 3) * 3",18,2536.45599999104,"No","No",18
"269",2,5,"(4 + 4) * 4",32,4766.96099999361,"No","No",32
"269",2,6,"(7 - 4) * 8",24,2263.2229999947,"No","No",24
"269",2,7,"(9 + 3) * 2",24,2161.75200000062,"No","No",24
"269",2,8,"(3 + 3) / 2",3,2827.71499998955,"No","No",3
"269",2,9,"(6 + 6) * 6",72,3240.04599999357,"No","No",72
"269",2,10,"(7 + 13) / 4",5,2459.29399997403,"No","No",5
"269",2,11,"(7 + 2) * 8",72,3301.38099997269,"No","No",72
"269",2,12,"(3 + 6) / 3",3,2330.4329999722,"No","No",3
"269",2,13,"(2 + 2) / 2",2,3628.03999998042,"No","No",2
"269",2,14,"(11 + 23) * 3",102,5930.48099999008,"No","No",102
"269",2,15,"(4 + 3) * 4",28,2483.99099999957,"No","No",28
"269",2,16,"(19 - 4) * 5",NA,1324.17399997945,"No","No",75
"269",1,1,"(3 + 6) / 3",3,4462.99199998972,"No","No",3
"269",1,2,"(19 - 4) * 5",75,4252.35699997586,"No","No",75
"269",1,3,"(50 - 23) / 9",3,3141.1639999731,"No","No",3
"269",1,4,"(4 - 3) * 8",8,2595.81599998008,"No","No",8
"269",1,5,"(5 + 3) / 4",2,2263.96700000076,"No","No",2
"269",1,6,"(3 + 3) * 8",48,3645.49399999634,"No","No",48
"269",1,7,"(45 - 23) / 11",2,3351.12399999378,"No","No",2
"269",1,8,"(4 + 3) * 9",63,3798.08200000064,"No","No",63
"269",1,9,"(7 - 4) * 8",24,2339.588999987,"No","No",24
"269",1,10,"(7 + 8) * 3",45,2204.24899997562,"No","No",45
"269",1,11,"(3 + 3) / 2",3,1955.60199999763,"No","No",3
"269",1,12,"(9 - 5) * 4",16,3396.95999998995,"No","No",16
"269",1,13,"(4 + 3) * 4",28,2316.60099998489,"No","No",28
"269",1,14,"(9 - 3) * 3",18,2844.26899997494,"No","No",18
"269",1,15,"(7 + 2) * 8",72,2306.45999999298,"No","No",72
"269",1,16,"(19 + 11) / 5",6,2139.35199998796,"No","No",6
"269",1,17,"(2 + 5) * 2",14,2267.50899999845,"No","No",14
"269",1,18,"(13 + 23) * 2",72,4741.55599999672,"No","No",72
"269",1,19,"(21 - 9) / 4",3,2563.93300000031,"No","No",3
"269",1,20,"(9 + 3) * 2",24,2378.40399999486,"No","No",24
"269",1,21,"(6 + 6) / 3",NA,818.665999991237,"No","No",4
"225",2,1,"(3 + 9) * 2",24,3024.51000009821,"No","No",24
"225",2,2,"(2 + 2) * 2",8,2509.63699994009,"No","No",8
"225",2,3,"(12 - 3) / 3",3,3092.25299992081,"No","No",3
"225",2,4,"(6 + 6) / 3",4,2306.95300005417,"No","No",4
"225",2,5,"(2 + 2) / 2",2,2684.2560000245,"No","No",2
"225",2,6,"(50 - 23) / 9",3,10899.4230000342,"No","No",3
"225",2,7,"(2 + 3) * 4",20,3582.07800013293,"No","No",20
"225",2,8,"(19 + 11) / 5",6,4520.33500009894,"No","No",6
"225",2,9,"(19 - 4) * 5",75,7026.20099998152,"No","No",75
"225",2,10,"(23 - 17) / 6",0,4527.49599996133,"No","No",1
"225",2,11,"(4 - 3) * 8",8,2971.03699996829,"No","No",8
"225",2,12,"(5 + 3) / 4",2,2368.17099999881,"No","No",2
"225",2,13,"(9 - 3) * 3",18,4614.47100000444,"No","No",18
"225",2,14,"(2 + 5) * 2",14,4400.42599997885,"No","No",14
"225",2,15,"(4 + 4) * 4",NA,1317.96900001384,"No","No",32
"225",1,1,"(4 - 3) * 8",8,2970.14699995518,"No","No",8
"225",1,2,"(17 + 23) / 8",4,6355.10000013188,"No","No",5
"225",1,3,"(4 + 3) * 9",144,5516.40500000538,"No","No",63
"225",1,4,"(19 + 11) / 5",6,3078.89000001899,"No","No",6
"225",1,5,"(4 + 2) * 9",54,3804.64300008398,"No","No",54
"225",1,6,"(23 - 17) / 6",1,4379.31200009014,"No","No",1
"225",1,7,"(3 + 3) * 8",48,5345.7810001031,"No","No",48
"225",1,8,"(9 - 5) * 4",16,4551.89400007925,"No","No",16
"225",1,9,"(50 - 23) / 9",3,9463.62200014328,"No","No",3
"225",1,10,"(2 + 6) * 5",40,6153.83199998736,"No","No",40
"225",1,11,"(7 - 4) * 8",24,3883.74600013974,"No","No",24
"225",1,12,"(9 + 3) * 2",24,2612.12000008125,"No","No",24
"225",1,13,"(3 + 6) / 3",NA,1733.88399994641,"No","No",3
"265",2,1,"(3 + 6) / 3",3,5055,"yes","No",3
"265",2,2,"(3 + 3) / 2",3,3555,"yes","No",3
"265",2,3,"(3 + 3) * 8",48,4554,"yes","No",48
"265",2,4,"(8 + 3) * 4",44,2687,"yes","No",44
"265",2,5,"(4 + 3) * 9",63,2805,"yes","No",63
"265",2,6,"(50 - 23) / 9",3,5498,"yes","No",3
"265",2,7,"(3 + 9) * 2",24,2295,"yes","No",24
"265",2,8,"(4 - 3) * 8",8,3394.00000000006,"yes","No",8
"265",2,9,"(2 + 3) * 4",20,3200,"yes","No",20
"265",2,10,"(8 + 8) / 4",4,2036,"yes","No",4
"265",2,11,"(7 - 4) * 8",24,2529,"yes","No",24
"265",2,12,"(9 - 5) * 4",20,2800,"yes","No",16
"265",2,13,"(2 + 6) * 5",40,6415,"yes","No",40
"265",2,14,"(9 - 3) * 3",18,2507,"yes","No",18
"265",2,15,"(3 + 3) * 3",18,3065,"yes","No",18
"265",2,16,"(2 + 2) / 2",2,1805,"yes","No",2
"265",2,17,"(9 + 3) * 2",24,3318,"yes","No",24
"265",2,18,"(7 + 13) / 4",NA,2541,"yes","No",5
"265",1,1,"(2 + 2) * 2",8,3895.00000000006,"yes","No",8
"265",1,2,"(7 + 2) * 8",72,4765,"yes","No",72
"265",1,3,"(2 + 3) * 4",20,2559,"yes","No",20
"265",1,4,"(6 + 6) / 3",4,1914,"yes","No",4
"265",1,5,"(6 + 6) * 6",72,5341,"yes","No",72
"265",1,6,"(7 + 8) * 3",45,11541,"yes","No",45
"265",1,7,"(21 - 9) / 4",3,2641,"yes","No",3
"265",1,8,"(19 - 4) * 5",75,3341,"yes","No",75
"265",1,9,"(9 + 3) * 2",24,2000,"yes","No",24
"265",1,10,"(8 + 3) * 4",44,1731,"yes","No",44
"265",1,11,"(17 + 23) / 8",5,4253,"yes","No",5
"265",1,12,"(11 + 23) * 3",102,6860,"yes","No",102
"265",1,13,"(4 - 3) * 8",8,2866,"yes","No",8
"265",1,14,"(2 + 2) * 16",64,3290,"yes","No",64
"265",1,15,"(3 + 3) / 2",3,1643.00000000012,"yes","No",3
"265",1,16,"(7 + 13) / 4",NA,1560,"yes","No",5
"264",2,1,"(7 + 2) * 8",72,5509.3549999994,"No","No",72
"264",2,2,"(45 - 23) / 11",2,5499.67200000124,"No","No",2
"264",2,3,"(5 + 3) / 4",32,3675.58499999874,"No","No",2
"264",2,4,"(12 - 3) / 3",27,3009.53300000131,"No","No",3
"264",2,5,"(3 + 3) / 2",3,4593.73499999935,"No","No",3
"264",2,6,"(2 + 2) / 2",2,3726.77299999876,"No","No",2
"264",2,7,"(3 + 9) * 2",24,3398.37800000058,"No","No",24
"264",2,8,"(4 + 4) * 4",64,6781.64999999863,"No","No",32
"264",2,9,"(9 - 5) * 4",16,3955.4940000019,"No","No",16
"264",2,10,"(2 + 2) * 16",64,6573.18199999977,"No","No",64
"264",2,11,"(3 + 6) / 3",3,3976.75099999894,"No","No",3
"264",2,12,"(17 + 23) / 8",NA,9171.45399999994,"No","No",5
"264",1,1,"(8 + 8) / 4",4,4117.94499999983,"No","No",4
"264",1,2,"(50 - 23) / 9",3,4540.49299999885,"No","No",3
"264",1,3,"(1 + 7) * 6",48,3396.71400000167,"No","No",48
"264",1,4,"(3 + 3) * 3",18,5511.82999999949,"No","No",18
"264",1,5,"(11 + 23) * 3",92,13899.8540000004,"No","No",102
"264",1,6,"(6 + 6) / 3",4,3026.11600000097,"No","No",4
"264",1,7,"(9 + 3) * 2",24,2597.04900000093,"No","No",24
"264",1,8,"(2 + 2) / 2",2,2474.63100000168,"No","No",2
"264",1,9,"(4 - 3) * 8",8,2492.48200000217,"No","No",8
"264",1,10,"(3 + 3) * 8",48,3017.45700000145,"No","No",48
"264",1,11,"(3 + 3) / 2",3,1980.02900000056,"No","No",3
"264",1,12,"(17 + 23) / 8",5,2816.96899999969,"No","No",5
"264",1,13,"(7 + 8) * 3",45,5178.11400000087,"No","No",45
"264",1,14,"(7 + 2) * 8",72,4335.98799999978,"No","No",72
"264",1,15,"(4 + 3) * 9",NA,471.242999999435,"No","No",63
"262",2,1,"(1 + 7) * 6",48,7153.03100000013,"No","No",48
"262",2,2,"(19 + 11) / 5",6,5898.97500000015,"No","No",6
"262",2,3,"(4 + 3) * 4",28,4245.90500000073,"No","No",28
"262",2,4,"(21 + 12) / 11",3,6110.2969999995,"No","No",3
"262",2,5,"(9 + 3) * 2",24,4398.70399999985,"No","No",24
"262",2,6,"(4 + 2) * 9",54,5463.54999999923,"No","No",54
"262",2,7,"(6 + 6) / 3",4,4334.28900000034,"No","No",4
"262",2,8,"(8 + 8) / 4",4,4441.13999999978,"No","No",4
"262",2,9,"(45 - 23) / 11",2,5786.45000000071,"No","No",2
"262",2,10,"(2 + 5) * 2",14,3418.69000000024,"No","No",14
"262",2,11,"(7 + 2) * 8",NA,8601.0570000005,"No","No",72
"262",1,1,"(2 + 2) / 2",2,3947.82899999956,"No","No",2
"262",1,2,"(12 - 3) / 3",3,2442.91499999946,"No","No",3
"262",1,3,"(4 + 2) * 9",54,5356.80300000019,"No","No",54
"262",1,4,"(2 + 6) * 5",40,4709.96100000048,"No","No",40
"262",1,5,"(6 + 6) * 6",48,3410.2829999997,"No","No",72
"262",1,6,"(11 + 23) * 3",42,14516.2320000007,"No","No",102
"262",1,7,"(9 - 3) * 3",18,6350.57500000088,"No","No",18
"262",1,8,"(9 + 3) * 2",24,3061.8879999991,"No","No",24
"262",1,9,"(7 + 2) * 8",72,4561.19899999991,"No","No",72
"262",1,10,"(7 - 4) * 8",24,3626.2299999994,"No","No",24
"262",1,11,"(6 + 6) / 3",4,3307.50399999984,"No","No",4
"262",1,12,"(3 + 3) * 8",48,4289.3409999999,"No","No",48
"262",1,13,"(2 + 2) * 16",NA,254.083999999915,"No","No",64
"261",2,1,"(2 + 2) * 2",8,9080.17000000036,"No","No",8
"261",2,2,"(3 + 6) / 3",3,5022.07600000032,"No","No",3
"261",2,3,"(23 - 17) / 6",1,6152.66500000004,"No","No",1
"261",2,4,"(2 + 6) * 5",40,5570.77599999998,"No","No",40
"261",2,5,"(12 - 3) / 3",3,4755.66000000024,"No","No",3
"261",2,6,"(6 + 6) * 6",70,9021.83200000026,"No","No",72
"261",2,7,"(9 - 5) * 4",16,3087.81300000014,"No","No",16
"261",2,8,"(6 + 6) / 3",4,5978.6020000003,"No","No",4
"261",2,9,"(4 + 3) * 4",28,3517.36800000013,"No","No",28
"261",2,10,"(9 + 3) * 2",24,2731.68500000011,"No","No",24
"261",2,11,"(4 - 3) * 8",8,4917.52400000021,"No","No",8
"261",1,1,"(7 + 2) * 8",72,11501.8740000003,"No","No",72
"261",1,2,"(2 + 6) * 5",40,4806.73300000036,"No","No",40
"261",1,3,"(19 - 4) * 5",75,5124.29500000033,"No","No",75
"261",1,4,"(2 + 2) * 2",8,2893.69400000008,"No","No",8
"261",1,5,"(9 + 3) * 2",24,2520.22899999999,"No","No",24
"261",1,6,"(9 - 5) * 4",16,2956.77400000003,"No","No",16
"261",1,7,"(4 + 2) * 9",54,6683.92100000026,"No","No",54
"261",1,8,"(2 + 2) / 2",2,3629.86100000032,"No","No",2
"261",1,9,"(3 + 3) * 3",18,4397.29900000012,"No","No",18
"261",1,10,"(21 + 12) / 11",3,3568.12800000008,"No","No",3
"261",1,11,"(3 + 9) * 2",24,2575.43300000014,"No","No",24
"261",1,12,"(11 + 23) * 3",99,3217.8270000004,"No","No",102
"261",1,13,"(9 - 3) * 3",18,3064.05200000014,"No","No",18
"261",1,14,"(7 - 4) * 8",NA,2821.78300000005,"No","No",24
"259",2,1,"(9 - 5) * 4",16,20258.6910000001,"No","No",16
"259",2,2,"(19 - 4) * 5",75,16787.894999999,"No","No",75
"259",2,3,"(4 + 2) * 9",30,12253.2469999988,"No","No",54
"259",2,4,"(2 + 3) * 4",20,6085.40999999916,"No","No",20
"259",2,5,"(2 + 6) * 5",40,4300.21399999893,"No","No",40
"259",2,6,"(9 - 3) * 3",NA,250.398999999277,"No","No",18
"259",1,1,"(45 - 23) / 11",2,34565.7809999993,"No","No",2
"259",1,2,"(23 - 17) / 6",1,19405.4179999995,"No","No",1
"259",1,3,"(3 + 9) * 2",24,6001.08799999848,"No","No",24
"246",2,1,"(3 + 3) * 3",18,3401.62500000163,"No","No",18
"246",2,2,"(21 - 9) / 4",3,6448.6430000012,"No","No",3
"246",2,3,"(7 - 4) * 8",24,2903.01500000205,"No","No",24
"246",2,4,"(12 - 3) / 3",3,2216.09800000218,"No","No",3
"246",2,5,"(6 + 6) / 3",4,2292.91400000182,"No","No",4
"246",2,6,"(4 + 2) * 9",54,3612.09199999995,"No","No",54
"246",2,7,"(6 + 6) * 6",72,4980.29700000078,"No","No",72
"246",2,8,"(7 + 13) / 4",5,3051.50299999959,"No","No",5
"246",2,9,"(45 - 23) / 11",2,3930.56899999938,"No","No",2
"246",2,10,"(2 + 5) * 2",14,2071.20299999975,"No","No",14
"246",2,11,"(4 + 4) * 4",32,2590.01900000186,"No","No",32
"246",2,12,"(9 + 3) * 2",24,2540.87700000172,"No","No",24
"246",2,13,"(5 + 3) / 4",2,2251.8469999994,"No","No",2
"246",2,14,"(4 + 3) * 4",28,2713.80000000136,"No","No",28
"246",2,15,"(19 + 11) / 5",6,3525.80700000148,"No","No",6
"246",2,16,"(2 + 2) / 2",2,1659.14500000095,"No","No",2
"246",2,17,"(4 + 3) * 9",63,4524.38699999949,"No","No",63
"246",2,18,"(19 - 4) * 5",NA,5073.07699999961,"No","No",75
"246",1,1,"(7 + 13) / 4",5,3568.98300000076,"No","No",5
"246",1,2,"(5 + 3) / 4",2,2434.92599999945,"No","No",2
"246",1,3,"(9 - 5) * 4",16,2965.76800000021,"No","No",16
"246",1,4,"(7 - 4) * 8",24,2780.33000000124,"No","No",24
"246",1,5,"(21 - 9) / 4",3,6801.51099999977,"No","No",3
"246",1,6,"(3 + 3) * 3",18,3579.48700000165,"No","No",18
"246",1,7,"(9 + 3) * 2",24,2362.99399999942,"No","No",24
"246",1,8,"(4 + 3) * 9",63,3979.82699999947,"No","No",63
"246",1,9,"(50 - 23) / 9",3,2987.29599999974,"No","No",3
"246",1,10,"(6 + 6) * 6",66,3396.84600000095,"No","No",72
"246",1,11,"(4 - 3) * 8",8,2853.24700000248,"No","No",8
"246",1,12,"(2 + 2) * 2",8,2319.84900000115,"No","No",8
"246",1,13,"(45 - 23) / 11",2,3129.41200000024,"No","No",2
"246",1,14,"(8 + 8) / 4",4,2442.53900000249,"No","No",4
"246",1,15,"(21 + 12) / 11",3,3173.98400000023,"No","No",3
"246",1,16,"(11 + 23) * 3",102,5473.53899999976,"No","No",102
"246",1,17,"(4 + 3) * 4",28,3018.87500000047,"No","No",28
"246",1,18,"(3 + 9) * 2",24,2484.18699999916,"No","No",24
"258",2,1,"(3 + 3) * 8",48,4134.53400000522,"No","No",48
"258",2,2,"(3 + 9) * 2",24,2658.06199996884,"No","No",24
"258",2,3,"(6 + 6) / 3",4,3060.60800001764,"No","No",4
"258",2,4,"(5 + 3) / 4",2,2895.14799996983,"No","No",2
"258",2,5,"(23 - 17) / 6",1,5644.99199998984,"No","No",1
"258",2,6,"(45 - 23) / 11",2,7025.31999997277,"No","No",2
"258",2,7,"(4 + 3) * 4",28,5191.36499999696,"No","No",28
"258",2,8,"(2 + 6) * 5",40,3091.14099999302,"No","No",40
"258",2,9,"(9 - 5) * 4",16,4438.01300001156,"No","No",16
"258",2,10,"(2 + 2) * 16",64,10568.8240000018,"No","No",64
"258",2,11,"(2 + 5) * 2",14,6195.7529999789,"No","No",14
"258",2,12,"(4 + 3) * 9",63,3234.03200000606,"No","No",63
"258",2,13,"(4 + 4) * 4",NA,1718.79299997527,"No","No",32
"258",1,1,"(4 + 4) * 4",64,3795.41899998102,"No","No",32
"258",1,2,"(9 - 5) * 4",16,2280.20399999211,"No","No",16
"258",1,3,"(21 - 9) / 4",3,6904.88400000776,"No","No",3
"258",1,4,"(9 - 3) * 3",18,2902.92200002272,"No","No",18
"258",1,5,"(6 + 6) / 3",4,1975.92299996945,"No","No",4
"258",1,6,"(12 - 3) / 3",3,3454.08099997172,"No","No",3
"258",1,7,"(45 - 23) / 11",2,3460.83300002175,"No","No",2
"258",1,8,"(7 + 2) * 8",72,7683.93399998907,"No","No",72
"258",1,9,"(9 + 3) * 2",24,2459.02199996472,"No","No",24
"258",1,10,"(6 + 6) * 6",50,6167.31699997687,"No","No",72
"258",1,11,"(2 + 2) * 2",8,2529.07300000452,"No","No",8
"258",1,12,"(7 + 13) / 4",5,2739.28599997947,"No","No",5
"258",1,13,"(4 + 3) * 9",63,4899.57299999008,"No","No",63
"258",1,14,"(3 + 3) * 3",18,4087.75499998359,"No","No",18
"258",1,15,"(3 + 3) * 8",4,4502.06199999701,"No","No",48
"257",2,1,"(7 - 4) * 8",24,7204.79500000388,"No","No",24
"257",2,2,"(11 + 23) * 3",102,30138.8810000009,"No","No",102
"257",2,3,"(2 + 2) * 2",8,7627.20699999819,"No","No",8
"257",2,4,"(8 + 8) / 4",4,4462.11900000146,"No","No",4
"257",2,5,"(23 - 17) / 6",1,4210.30500000279,"No","No",1
"257",2,6,"(17 + 23) / 8",NA,6283.73300000373,"No","No",5
"257",1,1,"(3 + 3) / 2",3,8301.8800000021,"No","No",3
"257",1,2,"(9 - 3) * 3",18,5362.06800000207,"No","No",18
"257",1,3,"(17 + 23) / 8",5,4267.88599999854,"No","No",5
"257",1,4,"(2 + 3) * 4",20,2724.27199999825,"No","No",20
"257",1,5,"(9 - 5) * 4",16,3913.76399999997,"No","No",16
"257",1,6,"(11 + 23) * 3",60,4314.84400000342,"No","No",102
"257",1,7,"(50 - 23) / 9",4,7268.86000000231,"No","No",3
"257",1,8,"(4 + 3) * 4",28,5881.08500000334,"No","No",28
"257",1,9,"(45 - 23) / 11",2,6408.59100000153,"No","No",2
"257",1,10,"(12 - 3) / 3",3,3937.3470000024,"No","No",3
"257",1,11,"(4 + 2) * 9",NA,7422.87500000151,"No","No",54
"256",2,1,"(9 - 5) * 4",16,10684.34,"No","No",16
"256",2,2,"(6 + 6) / 3",4,7222.66,"No","No",4
"256",2,3,"(19 - 4) * 5",75,9972.14000000001,"No","No",75
"256",2,4,"(8 + 3) * 4",44,7787.01999999999,"No","No",44
"256",2,5,"(7 - 4) * 8",24,12076.34,"No","No",24
"256",2,6,"(7 + 13) / 4",5,9492.21999999997,"No","No",5
"256",2,7,"(4 + 2) * 9",NA,2600.41999999998,"No","No",54
"256",1,1,"(2 + 6) * 5",40,12361.3,"No","No",40
"256",1,2,"(21 + 12) / 11",3,10928.12,"No","No",3
"256",1,3,"(3 + 3) / 2",3,2536.40000000002,"No","No",3
"256",1,4,"(1 + 7) * 6",48,5615.65999999997,"No","No",48
"256",1,5,"(4 + 4) * 4",32,6893.20000000001,"No","No",32
"256",1,6,"(7 + 13) / 4",5,4265.96000000002,"No","No",5
"256",1,7,"(2 + 2) / 2",2,2242.88,"No","No",2
"256",1,8,"(3 + 3) * 3",18,7527.29999999999,"No","No",18
"256",1,9,"(4 - 3) * 8",8,3955.17999999999,"No","No",8
"256",1,10,"(3 + 3) * 8",NA,3368.09999999998,"No","No",48
"255",2,1,"(6 + 6) * 6",72,16195.3150000015,"No","No",72
"255",2,2,"(9 + 3) * 2",24,5378.36299999611,"No","No",24
"255",2,3,"(1 + 7) * 6",64,7125.99300000444,"No","No",48
"255",2,4,"(3 + 6) / 3",3,8187.87199999025,"No","No",3
"255",2,5,"(19 + 11) / 5",6,6299.79500002804,"No","No",6
"255",2,6,"(2 + 5) * 2",14,5354.27100004471,"No","No",14
"255",2,7,"(7 + 13) / 4",NA,11374.3410000185,"No","No",5
"255",1,1,"(2 + 2) * 2",8,3807.14400000515,"No","No",8
"255",1,2,"(6 + 6) / 3",4,3609.19300000748,"No","No",4
"255",1,3,"(21 - 9) / 4",3,11094.4139999992,"No","No",3
"255",1,4,"(7 + 8) * 3",45,4637.60700003913,"No","No",45
"255",1,5,"(50 - 23) / 9",3,6916.06400001881,"No","No",3
"255",1,6,"(8 + 8) / 4",4,3238.7150000367,"No","No",4
"255",1,7,"(2 + 3) * 4",20,6086.82999999594,"No","No",20
"255",1,8,"(19 - 4) * 5",75,11387.6720000134,"No","No",75
"255",1,9,"(1 + 7) * 6",48,7068.43700000097,"No","No",48
"255",1,10,"(3 + 3) * 3",NA,2024.3800000333,"No","No",18
"251",2,1,"(9 + 3) * 2",24,4092.91999999998,"No","No",24
"251",2,2,"(7 + 2) * 8",72,13129.72,"No","No",72
"251",2,3,"(8 + 8) / 4",4,4665.90000000002,"No","No",4
"251",2,4,"(6 + 6) / 3",4,4015.40000000002,"No","No",4
"251",2,5,"(4 + 3) * 4",28,4056.53999999998,"No","No",28
"251",2,6,"(2 + 6) * 5",40,3925.08000000002,"No","No",40
"251",2,7,"(9 - 3) * 3",18,2721.58000000002,"No","No",18
"251",2,8,"(3 + 6) / 3",3,2291.52000000002,"No","No",3
"251",2,9,"(2 + 5) * 2",14,2744,"No","No",14
"251",2,10,"(19 + 11) / 5",6,2973.08000000002,"No","No",6
"251",2,11,"(3 + 3) * 3",18,4541.02000000002,"No","No",18
"251",2,12,"(21 - 9) / 4",3,7048.47999999998,"No","No",3
"251",2,13,"(2 + 2) / 2",2,2119.02000000002,"No","No",2
"251",2,14,"(7 + 13) / 4",NA,1458.17999999999,"No","No",5
"251",1,1,"(7 + 13) / 4",5,4570.57999999996,"No","No",5
"251",1,2,"(5 + 3) / 4",2,9612.18000000005,"No","No",2
"251",1,3,"(12 - 3) / 3",3,4177.35999999999,"No","No",3
"251",1,4,"(7 + 2) * 8",72,8319,"No","No",72
"251",1,5,"(3 + 3) * 3",18,4227.54000000004,"No","No",18
"251",1,6,"(4 + 2) * 9",55,13015.46,"No","No",54
"251",1,7,"(11 + 23) * 3",NA,15965.72,"No","No",102
"250",2,1,"(21 + 12) / 11",3,48893.1029999997,"No","No",3
"250",2,2,"(5 + 3) / 4",NA,11070.118,"No","No",2
"250",1,1,"(9 - 5) * 4",20,8621.79999999981,"No","No",16
"250",1,2,"(19 - 4) * 5",75,13549.5009999999,"No","No",75
"250",1,3,"(12 - 3) / 3",3,15498.0510000001,"No","No",3
"250",1,4,"(21 - 9) / 4",NA,22279.3559999998,"No","No",3
"249",2,1,"(7 + 2) * 8",72,5151,"No","No",72
"249",2,2,"(7 + 13) / 4",5,4064,"No","No",5
"249",2,3,"(3 + 3) / 2",3,2348,"No","No",3
"249",2,4,"(1 + 7) * 6",48,3992,"No","No",48
"249",2,5,"(11 + 23) * 3",102,6705.00000000003,"No","No",102
"249",2,6,"(21 + 12) / 11",3,5752,"No","No",3
"249",2,7,"(4 - 3) * 8",8,2729,"No","No",8
"249",2,8,"(2 + 2) * 2",8,3758,"No","No",8
"249",2,9,"(2 + 3) * 4",20,2457,"No","No",20
"249",2,10,"(8 + 3) * 4",44,2688,"No","No",44
"249",2,11,"(4 + 2) * 9",54,3600,"No","No",54
"249",2,12,"(17 + 23) / 8",5,3450.00000000003,"No","No",5
"249",2,13,"(4 + 3) * 4",28,3436.00000000003,"No","No",28
"249",2,14,"(4 + 4) * 4",32,3983.00000000003,"No","No",32
"249",2,15,"(19 - 4) * 5",NA,5660,"No","No",75
"249",1,1,"(19 - 4) * 5",75,3718,"No","No",75
"249",1,2,"(2 + 2) * 16",64,3073,"No","No",64
"249",1,3,"(2 + 5) * 2",14,2921,"No","No",14
"249",1,4,"(19 + 11) / 5",6,5073,"No","No",6
"249",1,5,"(5 + 3) / 4",2,3359.00000000012,"No","No",2
"249",1,6,"(8 + 3) * 4",44,2086,"No","No",44
"249",1,7,"(2 + 6) * 5",40,2556,"No","No",40
"249",1,8,"(3 + 9) * 2",24,2280,"No","No",24
"249",1,9,"(21 + 12) / 11",3,2553,"No","No",3
"249",1,10,"(4 + 4) * 4",32,2226,"No","No",32
"249",1,11,"(6 + 6) * 6",72,4700,"No","No",72
"249",1,12,"(4 - 3) * 8",8,2040,"No","No",8
"249",1,13,"(4 + 2) * 9",54,2264,"No","No",54
"249",1,14,"(2 + 2) / 2",2,1699,"No","No",2
"249",1,15,"(4 + 3) * 9",63,3722,"No","No",63
"249",1,16,"(9 - 5) * 4",16,2836,"No","No",16
"249",1,17,"(13 + 23) * 2",72,5219,"No","No",72
"249",1,18,"(7 + 2) * 8",72,2198,"No","No",72
"249",1,19,"(8 + 8) / 4",4,2120,"No","No",4
"249",1,20,"(1 + 7) * 6",NA,1489,"No","No",48
"249",1,21,"(4 + 3) * 4",NA,1642,"No","No",28
"245",2,1,"(23 - 17) / 6",1,8909.23999999999,"No","No",1
"245",2,2,"(4 + 4) * 4",32,14092.04,"No","No",32
"245",2,3,"(2 + 3) * 4",20,3346.03999999998,"No","No",20
"245",2,4,"(19 + 11) / 5",6,5683.64000000001,"No","No",6
"245",2,5,"(8 + 8) / 4",4,11831.96,"No","No",4
"245",2,6,"(4 + 2) * 9",54,9301.96000000002,"No","No",54
"245",2,7,"(1 + 7) * 6",NA,6627.76000000001,"No","No",48
"245",1,1,"(17 + 23) / 8",5,9234,"No","No",5
"245",1,2,"(2 + 2) * 2",8,6865.42000000004,"No","No",8
"245",1,3,"(3 + 6) / 3",3,3299.45999999996,"No","No",3
"245",1,4,"(21 + 12) / 11",3,3782.02000000002,"No","No",3
"245",1,5,"(3 + 3) / 2",3,3763.97999999998,"No","No",3
"245",1,6,"(4 + 3) * 4",28,14796.34,"No","No",28
"245",1,7,"(3 + 3) * 3",18,6818.92000000004,"No","No",18
"245",1,8,"(4 + 2) * 9",54,4927.88,"No","No",54
"245",1,9,"(11 + 23) * 3",NA,6245.56000000006,"No","No",102
"242",2,1,"(2 + 6) * 5",40,7651.52300001174,"No","No",40
"242",2,2,"(1 + 7) * 6",48,36320.2270000052,"No","No",48
"242",2,3,"(4 + 3) * 4",28,8207.32800004387,"No","No",28
"242",2,4,"(7 + 2) * 8",72,5849.9430000459,"No","No",72
"242",2,5,"(3 + 3) * 8",NA,1899.83400005213,"No","No",48
"242",1,1,"(4 + 2) * 9",54,9952.15500000783,"No","No",54
"242",1,2,"(11 + 23) * 3",102,35051.8320000377,"No","No",102
"242",1,3,"(19 + 11) / 5",6,11869.0550000909,"No","No",6
"242",1,4,"(4 + 3) * 4",NA,3080.85900000099,"No","No",28
"241",2,1,"(3 + 3) * 8",48,17327.7460000045,"No","No",48
"241",2,2,"(9 + 3) * 2",24,6900.88299999587,"No","No",24
"241",2,3,"(7 + 2) * 8",72,6258.24600000132,"No","No",72
"241",2,4,"(23 - 17) / 6",NA,29454.2019999957,"No","No",1
"241",1,1,"(5 + 3) / 4",2,10687.5309999996,"No","No",2
"241",1,2,"(2 + 2) / 2",NA,5357.82900000218,"No","No",2
"241",1,3,"(6 + 6) * 6",72,11058.3290000032,"No","No",72
"241",1,4,"(8 + 8) / 4",NA,1967.88100000093,"No","No",4
"241",1,5,"(50 - 23) / 9",NA,786.557999999321,"No","No",3
"241",1,6,"(19 - 4) * 5",75,9537.85700000357,"No","No",75
"241",1,7,"(7 + 2) * 8",72,7613.97099999059,"No","No",72
"241",1,8,"(4 + 3) * 9",63,8382.8739999914,"No","No",63
"241",1,9,"(2 + 5) * 2",NA,4486.56099999405,"No","No",14
"230",2,1,"(2 + 2) * 16",64,5574.72,"No","No",64
"230",2,2,"(4 + 4) * 4",32,10097.78,"No","No",32
"230",2,3,"(9 - 5) * 4",16,2480.67999999999,"No","No",16
"230",2,4,"(2 + 2) * 2",8,3540.92000000001,"No","No",8
"230",2,5,"(21 - 9) / 4",3,5460.07999999999,"No","No",3
"230",2,6,"(9 + 3) * 2",24,2662.88,"No","No",24
"230",2,7,"(9 - 3) * 3",18,3742.73999999999,"No","No",18
"230",2,8,"(19 + 11) / 5",6,2882.22,"No","No",6
"230",2,9,"(2 + 3) * 4",30,2965.45999999999,"No","No",20
"230",2,10,"(2 + 6) * 5",NA,3011.32000000001,"No","No",40
"230",2,11,"(4 + 3) * 4",28,6274.20000000001,"No","No",28
"230",2,12,"(3 + 3) * 8",48,6269.79999999999,"No","No",48
"230",2,13,"(7 + 8) * 3",45,4617.64000000001,"No","No",45
"230",1,1,"(3 + 9) * 2",24,3783.52000000002,"No","No",24
"230",1,2,"(19 + 11) / 5",6,2436.70000000001,"No","No",6
"230",1,3,"(21 + 12) / 11",3,3984.26000000001,"No","No",3
"230",1,4,"(8 + 3) * 4",44,3029.40000000002,"No","No",44
"230",1,5,"(2 + 2) / 2",2,1602.64000000001,"No","No",2
"230",1,6,"(4 + 4) * 4",64,3736.19999999995,"No","No",32
"230",1,7,"(3 + 3) / 2",3,2202.31999999995,"No","No",3
"230",1,8,"(5 + 3) / 4",2,2266.95999999996,"No","No",2
"230",1,9,"(23 - 17) / 6",1,11090.84,"No","No",1
"230",1,10,"(9 + 3) * 2",24,2176.04000000004,"No","No",24
"230",1,11,"(4 + 3) * 9",63,4460.93999999994,"No","No",63
"230",1,12,"(4 + 2) * 9",54,5351.76000000001,"No","No",54
"230",1,13,"(3 + 6) / 3",4,2341.52000000002,"No","No",3
"230",1,14,"(6 + 6) / 3",4,4928.76000000001,"No","No",4
"230",1,15,"(2 + 6) * 5",40,4289.83999999997,"No","No",40
"230",1,16,"(2 + 5) * 2",NA,1784.02000000002,"No","No",14
"237",2,1,"(2 + 2) * 16",64,18039.0420001592,"yes","No",64
"237",2,2,"(5 + 3) / 4",2,12913.8050000183,"yes","No",2
"237",2,3,"(17 + 23) / 8",5,8875.25200010446,"yes","No",5
"237",2,4,"(4 + 3) * 4",28,5646.59100008849,"yes","No",28
"237",2,5,"(3 + 3) * 3",27,4458.04900018731,"yes","No",18
"237",2,6,"(8 + 3) * 4",NA,10018.2270001277,"yes","No",44
"237",1,1,"(3 + 3) * 3",27,5321.54100001999,"yes","No",18
"237",1,2,"(19 - 4) * 5",75,9520.28599999059,"yes","No",75
"237",1,3,"(1 + 7) * 6",48,19825.3590002913,"yes","No",48
"237",1,4,"(2 + 5) * 2",14,13979.6679999118,"yes","No",14
"237",1,5,"(6 + 6) / 3",4,3605.05200024717,"yes","No",4
"237",1,6,"(12 - 3) / 3",3,3949.66699993156,"yes","No",3
"237",1,7,"(4 + 3) * 4",NA,3717.00500017183,"yes","No",28
"235",2,1,"(4 + 2) * 9",72,5459.91300005783,"No","No",54
"235",2,2,"(13 + 23) * 2",72,5556.90900038893,"No","No",72
"235",2,3,"(50 - 23) / 9",3,4723.20200071824,"No","No",3
"235",2,4,"(7 + 13) / 4",5,2267.73099986173,"No","No",5
"235",2,5,"(8 + 3) * 4",44,2468.46500068874,"No","No",44
"235",2,6,"(4 + 3) * 4",28,3288.05400010818,"No","No",28
"235",2,7,"(9 - 3) * 3",18,2330.57199992074,"No","No",18
"235",2,8,"(45 - 23) / 11",2,3140.20200063061,"No","No",2
"235",2,9,"(17 + 23) / 8",5,3454.52700019907,"No","No",5
"235",2,10,"(9 - 5) * 4",16,2770.33500018419,"No","No",16
"235",2,11,"(7 - 4) * 8",24,2841.7870004056,"No","No",24
"235",2,12,"(3 + 6) / 3",3,2011.93500002922,"No","No",3
"235",2,13,"(2 + 2) / 2",2,1698.43600012577,"No","No",2
"235",2,14,"(2 + 3) * 4",20,2237.05899982207,"No","No",20
"235",2,15,"(2 + 2) * 2",8,2802.03400036209,"No","No",8
"235",2,16,"(6 + 6) * 6",72,4936.08800057162,"No","No",72
"235",2,17,"(21 - 9) / 4",3,6576.31999982864,"No","No",3
"235",2,18,"(3 + 3) * 8",NA,1170.2410006017,"No","No",48
"235",1,1,"(17 + 23) / 8",5,3515.79799986922,"No","No",5
"235",1,2,"(7 + 8) * 3",45,3291.54300041392,"No","No",45
"235",1,3,"(9 + 3) * 2",24,2518.141000262,"No","No",24
"235",1,4,"(2 + 6) * 5",40,2783.67299992335,"No","No",40
"235",1,5,"(12 - 3) / 3",3,1820.5140005534,"No","No",3
"235",1,6,"(4 + 2) * 9",72,3834.37399985304,"No","No",54
"235",1,7,"(8 + 8) / 4",4,2878.71999987448,"No","No",4
"235",1,8,"(3 + 9) * 2",24,2217.60700037854,"No","No",24
"235",1,9,"(3 + 3) * 8",48,5639.2960001427,"No","No",48
"235",1,10,"(21 - 9) / 4",3,2594.81500042113,"No","No",3
"235",1,11,"(3 + 3) * 3",18,2183.61900042137,"No","No",18
"235",1,12,"(4 - 3) * 8",8,2854.69600050512,"No","No",8
"235",1,13,"(11 + 23) * 3",102,9938.6880004101,"No","No",102
"235",1,14,"(45 - 23) / 11",2,2336.49200031417,"No","No",2
"235",1,15,"(2 + 2) * 2",8,2393.43300064339,"No","No",8
"235",1,16,"(19 + 11) / 5",6,2992.42200028757,"No","No",6
"235",1,17,"(5 + 3) / 4",2,2284.87800061423,"No","No",2
"235",1,18,"(6 + 6) * 6",72,3071.74600015499,"No","No",72
"235",1,19,"(7 + 2) * 8",NA,569.871000010986,"No","No",72
"234",2,1,"(6 + 6) * 6",72,13201.0529999997,"No","No",72
"234",2,2,"(9 - 5) * 4",16,6123.18100000051,"No","No",16
"234",2,3,"(3 + 3) * 8",48,21022.3729999997,"No","No",48
"234",2,4,"(4 + 2) * 9",54,13549.0169999987,"No","No",54
"234",2,5,"(8 + 8) / 4",NA,6051.75600000087,"No","No",4
"234",1,1,"(2 + 2) / 2",2,3805.5629999974,"No","No",2
"234",1,2,"(5 + 3) / 4",2,2846.7119999982,"No","No",2
"234",1,3,"(21 - 9) / 4",3,9088.08900000062,"No","No",3
"234",1,4,"(9 - 3) * 3",18,4176.67200000002,"No","No",18
"234",1,5,"(3 + 3) / 2",3,2905.91600000067,"No","No",3
"234",1,6,"(19 + 11) / 5",6,7120.20799999731,"No","No",6
"234",1,7,"(13 + 23) * 2",18,6414.72899999947,"No","No",72
"234",1,8,"(9 - 5) * 4",16,3226.65199999872,"No","No",16
"234",1,9,"(6 + 6) / 3",4,4754.13799999771,"No","No",4
"234",1,10,"(7 + 13) / 4",5,4218.69599999848,"No","No",5
"234",1,11,"(6 + 6) * 6",72,8216.70499999821,"No","No",72
"234",1,12,"(3 + 3) * 3",18,3094.8129999995,"No","No",18
"231",2,1,"(8 + 3) * 4",44,5626.42199997854,"No","No",44
"231",2,2,"(13 + 23) * 2",62,10367.6969999799,"No","No",72
"231",2,3,"(4 - 3) * 8",8,3410.65799997945,"No","No",8
"231",2,4,"(2 + 6) * 5",40,9559.33799997444,"No","No",40
"231",2,5,"(4 + 3) * 4",28,5220.12799997668,"No","No",28
"231",2,6,"(9 + 3) * 2",24,5246.48699998338,"No","No",24
"231",2,7,"(3 + 9) * 2",24,4333.92599998874,"No","No",24
"231",2,8,"(9 - 5) * 4",16,3759.67600000161,"No","No",16
"231",2,9,"(50 - 23) / 9",3,12387.2109999962,"No","No",3
"231",1,1,"(2 + 5) * 2",14,3204.23699997948,"No","No",14
"231",1,2,"(19 + 11) / 5",6,7137.51099999715,"No","No",6
"231",1,3,"(6 + 6) * 6",72,3941.45900000201,"No","No",72
"231",1,4,"(8 + 8) / 4",4,2698.47799997497,"No","No",4
"231",1,5,"(19 - 4) * 5",75,11061.0339999881,"No","No",75
"231",1,6,"(6 + 6) / 3",4,4292.69299999485,"No","No",4
"231",1,7,"(9 - 5) * 4",16,3191.69299999089,"No","No",16
"231",1,8,"(7 + 13) / 4",5,2767.31699998782,"No","No",5
"231",1,9,"(4 + 4) * 4",32,6126.94599999348,"No","No",32
"231",1,10,"(2 + 3) * 4",20,2646.21099997871,"No","No",20
"231",1,11,"(7 - 4) * 8",24,6197.05999999621,"No","No",24
"231",1,12,"(4 + 3) * 4",28,5760.48599999782,"No","No",28
"231",1,13,"(50 - 23) / 9",NA,788.710999991512,"No","No",3
"229",2,1,"(1 + 7) * 6",48,7332,"No","No",48
"229",2,2,"(2 + 2) * 2",8,3152,"No","No",8
"229",2,3,"(21 - 9) / 4",3,6150.99999999997,"No","No",3
"229",2,4,"(7 + 8) * 3",45,2674,"No","No",45
"229",2,5,"(3 + 3) * 8",48,3811,"No","No",48
"229",2,6,"(4 + 3) * 9",63,3809,"No","No",63
"229",2,7,"(4 - 3) * 8",8,2522,"No","No",8
"229",2,8,"(13 + 23) * 2",72,9368,"No","No",72
"229",2,9,"(12 - 3) / 3",3,3911.00000000006,"No","No",3
"229",2,10,"(17 + 23) / 8",5,3483,"No","No",5
"229",2,11,"(3 + 6) / 3",3,2226,"No","No",3
"229",2,12,"(4 + 2) * 9",72,4121,"No","No",54
"229",2,13,"(3 + 9) * 2",24,2354,"No","No",24
"229",2,14,"(5 + 3) / 4",NA,1879,"No","No",2
"229",1,1,"(4 + 4) * 4",32,8883,"No","No",32
"229",1,2,"(4 - 3) * 8",8,2444,"No","No",8
"229",1,3,"(4 + 2) * 9",72,3436.00000000006,"No","No",54
"229",1,4,"(2 + 3) * 4",24,2620,"No","No",20
"229",1,5,"(3 + 3) * 8",48,2577,"No","No",48
"229",1,6,"(21 - 9) / 4",3,2699.00000000006,"No","No",3
"229",1,7,"(23 - 17) / 6",1,3609,"No","No",1
"229",1,8,"(3 + 3) / 2",3,3792,"No","No",3
"229",1,9,"(45 - 23) / 11",2,4530,"No","No",2
"229",1,10,"(11 + 23) * 3",102,8328.00000000006,"No","No",102
"229",1,11,"(7 + 8) * 3",45,3088,"No","No",45
"229",1,12,"(6 + 6) / 3",12,3083,"No","No",4
"229",1,13,"(19 + 11) / 5",NA,76,"No","No",6
"229",1,14,"(21 + 12) / 11",3,5182,"No","No",3
"229",1,15,"(3 + 9) * 2",NA,2283,"No","No",24
"227",2,1,"(1 + 7) * 6",24,12955.39,"No","No",48
"227",2,2,"(6 + 6) / 3",4,44116.7400000002,"No","No",4
"227",2,3,"(8 + 8) / 4",NA,2867.97699999978,"No","No",4
"227",1,1,"(6 + 6) * 6",72,10910.0849999994,"No","No",72
"227",1,2,"(12 - 3) / 3",3,4377.05899999931,"No","No",3
"227",1,3,"(3 + 3) / 2",3,4729.44699999993,"No","No",3
"227",1,4,"(21 + 12) / 11",3,10556.7779999989,"No","No",3
"227",1,5,"(7 + 13) / 4",5,5573.35700000031,"No","No",5
"227",1,6,"(4 - 3) * 8",8,3493.60399999993,"No","No",8
"227",1,7,"(4 + 4) * 4",16,4441.5919999989,"No","No",32
"227",1,8,"(2 + 3) * 4",20,2903.63600000029,"No","No",20
"227",1,9,"(2 + 2) / 2",2,2562.84199999948,"No","No",2
"227",1,10,"(7 + 2) * 8",56,10367.3149999991,"No","No",72
"226",2,1,"(12 - 3) / 3",3,24971.076000058,"No","No",3
"226",2,2,"(6 + 6) * 6",72,19043.1020000507,"No","No",72
"226",2,3,"(8 + 8) / 4",NA,15913.1080000969,"No","No",4
"226",1,1,"(6 + 6) / 3",4,20592.733000003,"No","No",4
"226",1,2,"(12 - 3) / 3",3,16654.6670001064,"No","No",3
"226",1,3,"(8 + 3) * 4",44,16013.9210000137,"No","No",44
"226",1,4,"(21 + 12) / 11",NA,6666.69500010228,"No","No",3
"223",2,1,"(4 + 3) * 9",63,8796.45000001407,"No","No",63
"223",2,2,"(2 + 6) * 5",40,11326.058000006,"No","No",40
"223",2,3,"(19 + 11) / 5",6,14193.4620000385,"No","No",6
"223",2,4,"(45 - 23) / 11",2,12451.9210000052,"No","No",2
"223",2,5,"(6 + 6) * 6",36,7420.35100000203,"No","No",72
"223",2,6,"(7 - 4) * 8",2,5698.74700003781,"No","No",24
"223",1,1,"(19 - 4) * 5",63,10531.6240000411,"No","No",75
"223",1,2,"(23 - 17) / 6",36,15471.185000003,"No","No",1
"223",1,3,"(45 - 23) / 11",2,17722.9480000513,"No","No",2
"223",1,4,"(2 + 3) * 4",20,2800.44000001269,"No","No",20
"223",1,5,"(17 + 23) / 8",5,6836.8799999964,"No","No",5
"223",1,6,"(3 + 3) * 3",NA,6547.29100004194,"No","No",18
"222",2,1,"(9 + 3) * 2",24,7348,"No","No",24
"222",2,2,"(2 + 6) * 5",40,6562,"No","No",40
"222",2,3,"(8 + 8) / 4",4,2733,"No","No",4
"222",2,4,"(3 + 9) * 2",24,4331,"No","No",24
"222",2,5,"(12 - 3) / 3",3,3237,"No","No",3
"222",2,6,"(6 + 6) * 6",72,8663,"No","No",72
"222",2,7,"(13 + 23) * 2",NA,27034,"No","No",72
"222",1,1,"(2 + 6) * 5",40,5718,"No","No",40
"222",1,2,"(19 + 11) / 5",6,8928,"No","No",6
"222",1,3,"(3 + 3) * 8",48,7153.00000000012,"No","No",48
"222",1,4,"(11 + 23) * 3",102,15825,"No","No",102
"222",1,5,"(23 - 17) / 6",1,5852,"No","No",1
"222",1,6,"(3 + 9) * 2",24,4045,"No","No",24
"222",1,7,"(7 - 4) * 8",24,2655,"No","No",24
"222",1,8,"(7 + 13) / 4",5,3461.00000000012,"No","No",5
"222",1,9,"(8 + 8) / 4",4,2861,"No","No",4
"222",1,10,"(2 + 3) * 4",NA,3551,"No","No",20
"221",2,1,"(3 + 3) / 2",3,8419.57900000009,"yes","No",3
"221",2,2,"(19 + 11) / 5",4,3509.46699999989,"yes","No",6
"221",2,3,"(2 + 2) / 2",2,2671.04299999977,"yes","No",2
"221",2,4,"(2 + 5) * 2",14,4826.65399999998,"yes","No",14
"221",2,5,"(21 - 9) / 4",3,6623.15899999999,"yes","No",3
"221",2,6,"(45 - 23) / 11",2,12329.491,"yes","No",2
"221",2,7,"(19 - 4) * 5",3,18997.7639999999,"yes","No",75
"221",2,8,"(1 + 7) * 6",NA,2506.18399999983,"yes","No",48
"221",1,1,"(3 + 3) * 8",48,8545.77899999998,"yes","No",48
"221",1,2,"(9 + 3) * 2",24,3130.79600000003,"yes","No",24
"221",1,3,"(13 + 23) * 2",72,7355.38000000006,"yes","No",72
"221",1,4,"(4 + 3) * 9",63,5044.27600000013,"yes","No",63
"221",1,5,"(2 + 2) * 2",8,3648.09399999998,"yes","No",8
"221",1,6,"(50 - 23) / 9",3,9699.81400000019,"yes","No",3
"221",1,7,"(4 + 2) * 9",54,3286.26000000001,"yes","No",54
"221",1,8,"(2 + 6) * 5",40,3390.83600000001,"yes","No",40
"221",1,9,"(11 + 23) * 3",102,7349.33499999985,"yes","No",102
"221",1,10,"(6 + 6) * 6",66,5214.32100000011,"yes","No",72
"221",1,11,"(3 + 6) / 3",3,2914.75499999989,"yes","No",3
"221",1,12,"(2 + 5) * 2",NA,235.174999999814,"yes","No",14
"220",2,1,"(4 + 3) * 4",28,6746.52699998027,"No","No",28
"220",2,2,"(19 + 11) / 5",7,7726.90799999691,"No","No",6
"220",2,3,"(7 + 13) / 4",5,6187.48300000705,"No","No",5
"220",2,4,"(11 + 23) * 3",102,10271.6170000073,"No","No",102
"220",2,5,"(2 + 2) / 2",2,2523.56400000639,"No","No",2
"220",2,6,"(19 - 4) * 5",75,8241.60800000443,"No","No",75
"220",2,7,"(8 + 8) / 4",4,3309.7660000067,"No","No",4
"220",2,8,"(3 + 9) * 2",24,5648.75499999069,"No","No",24
"220",2,9,"(4 - 3) * 8",8,3984.39699999546,"No","No",8
"220",2,10,"(6 + 6) * 6",NA,5250.36799999903,"No","No",72
"220",1,1,"(5 + 3) / 4",2,5323.38799998513,"No","No",2
"220",1,2,"(9 + 3) * 2",22,3411.62299999048,"No","No",24
"220",1,3,"(6 + 6) * 6",72,6043.90600000392,"No","No",72
"220",1,4,"(19 - 4) * 5",75,3872.33899999416,"No","No",75
"220",1,5,"(45 - 23) / 11",11,7772.91999999713,"No","No",2
"220",1,6,"(4 + 2) * 9",54,6395.08300000458,"No","No",54
"220",1,7,"(17 + 23) / 8",5,7789.01499998546,"No","No",5
"220",1,8,"(9 - 3) * 3",33,2856.21899999562,"No","No",18
"220",1,9,"(7 + 2) * 8",72,9345.59799998684,"No","No",72
"220",1,10,"(2 + 2) / 2",2,6226.67400000239,"No","No",2
"220",1,11,"(21 + 12) / 11",NA,824.132999991183,"No","No",3
"219",2,1,"(2 + 2) * 16",64,10117.6380000003,"No","No",64
"219",2,2,"(6 + 6) * 6",72,7656.60899999982,"No","No",72
"219",2,3,"(3 + 3) * 3",27,3730.45400000003,"No","No",18
"219",2,4,"(7 + 13) / 4",5,5855.3400000002,"No","No",5
"219",2,5,"(3 + 3) * 8",48,16023.0049999999,"No","No",48
"219",2,6,"(13 + 23) * 2",72,6213.84099999978,"No","No",72
"219",2,7,"(9 + 3) * 2",22,3484.02499999991,"No","No",24
"219",2,8,"(8 + 3) * 4",44,3795.38599999994,"No","No",44
"219",2,9,"(11 + 23) * 3",NA,2968.16800000018,"No","No",102
"219",1,1,"(2 + 2) * 2",8,4432.93999999994,"No","No",8
"219",1,2,"(4 + 3) * 4",28,6810.23099999991,"No","No",28
"219",1,3,"(9 - 3) * 3",18,4493.50700000022,"No","No",18
"219",1,4,"(9 + 3) * 2",22,3292.98000000021,"No","No",24
"219",1,5,"(3 + 3) * 8",72,4386.47799999989,"No","No",48
"219",1,6,"(3 + 3) * 3",18,9682.03600000031,"No","No",18
"219",1,7,"(1 + 7) * 6",48,4839.75300000026,"No","No",48
"219",1,8,"(21 - 9) / 4",3,7309.2790000001,"No","No",3
"219",1,9,"(7 + 13) / 4",5,11108.872,"No","No",5
"219",1,10,"(2 + 3) * 4",20,3517.37499999977,"No","No",20
"218",2,1,"(21 + 12) / 11",3,19960.166,"No","No",3
"218",2,2,"(2 + 2) * 16",64,11114.0650000002,"No","No",64
"218",2,3,"(1 + 7) * 6",48,14738.8820000004,"No","No",48
"218",2,4,"(23 - 17) / 6",1,13485.9269999998,"No","No",1
"218",2,5,"(3 + 3) * 8",NA,634.448999999906,"No","No",48
"218",1,1,"(23 - 17) / 6",1,13296.0630000002,"No","No",1
"218",1,2,"(3 + 3) * 8",64,4282.03200000012,"No","No",48
"218",1,3,"(19 - 4) * 5",150,12717.1000000004,"No","No",75
"218",1,4,"(3 + 9) * 2",24,4356.24599999969,"No","No",24
"218",1,5,"(2 + 3) * 4",20,3331.39800000016,"No","No",20
"218",1,6,"(11 + 23) * 3",85,15907.0610000001,"No","No",102
"218",1,7,"(3 + 3) / 2",3,3284.15000000026,"No","No",3
"218",1,8,"(4 + 4) * 4",NA,2715.76999999967,"No","No",32
"217",2,1,"(6 + 6) / 3",4,8958.99999999994,"No","No",4
"217",2,2,"(21 + 12) / 11",3,23148,"No","No",3
"217",2,3,"(2 + 2) * 2",8,5736,"No","No",8
"217",2,4,"(6 + 6) * 6",72,7302,"No","No",72
"217",2,5,"(7 + 13) / 4",NA,14722,"No","No",5
"217",1,1,"(9 - 3) * 3",18,6175.99999999988,"No","No",18
"217",1,2,"(2 + 3) * 4",20,4777,"No","No",20
"217",1,3,"(3 + 3) * 3",18,4620,"No","No",18
"217",1,4,"(19 - 4) * 5",75,6055,"No","No",75
"217",1,5,"(8 + 3) * 4",44,3817,"No","No",44
"217",1,6,"(4 - 3) * 8",8,2547,"No","No",8
"217",1,7,"(8 + 8) / 4",4,3512,"No","No",4
"217",1,8,"(2 + 6) * 5",40,9525,"No","No",40
"217",1,9,"(21 + 12) / 11",3,5123,"No","No",3
"217",1,10,"(9 - 5) * 4",16,8379,"No","No",16
"217",1,11,"(12 - 3) / 3",3,3641,"No","No",3
"217",1,12,"(11 + 23) * 3",NA,1532.00000000012,"No","No",102
"215",2,1,"(4 + 3) * 4",25,60000.9419999914,"No","No",28
"215",1,1,"(21 + 12) / 11",3,9924.44699995517,"No","No",3
"215",1,2,"(3 + 3) / 2",3,5277.03400000109,"No","No",3
"215",1,3,"(11 + 23) * 3",102,24197.2509999129,"No","No",102
"215",1,4,"(17 + 23) / 8",3.25,15341.7339999509,"No","No",5
"215",1,5,"(2 + 2) / 2",2,2868.16799993173,"No","No",2
"215",1,6,"(9 + 3) * 2",NA,2267.24999993399,"No","No",24
"213",2,1,"(4 - 3) * 8",8,6263.13599999947,"No","No",8
"213",2,2,"(2 + 2) * 16",64,10636.3339999889,"No","No",64
"213",2,3,"(4 + 2) * 9",54,4609.84199999945,"No","No",54
"213",2,4,"(2 + 3) * 4",20,2937.2249999948,"No","No",20
"213",2,5,"(4 + 4) * 4",32,6515.0689999772,"No","No",32
"213",2,6,"(2 + 2) * 2",8,3006.18299997848,"No","No",8
"213",2,7,"(6 + 6) / 3",4,4854.39299998456,"No","No",4
"213",2,8,"(2 + 5) * 2",14,3698.75199999311,"No","No",14
"213",2,9,"(50 - 23) / 9",3,6301.77600000193,"No","No",3
"213",2,10,"(19 + 11) / 5",6,4160.98499998619,"No","No",6
"213",2,11,"(8 + 3) * 4",44,3833.47399999492,"No","No",44
"213",2,12,"(17 + 23) / 8",NA,3038.54199997929,"No","No",5
"213",1,1,"(4 + 3) * 9",63,7713.07499997871,"No","No",63
"213",1,2,"(6 + 6) * 6",72,8380.15199999418,"No","No",72
"213",1,3,"(2 + 3) * 4",20,2860.56799999101,"No","No",20
"213",1,4,"(1 + 7) * 6",48,9961.86199999799,"No","No",48
"213",1,5,"(8 + 3) * 4",44,3818.78099998191,"No","No",44
"213",1,6,"(2 + 6) * 5",40,3441.46999999904,"No","No",40
"213",1,7,"(9 - 3) * 3",18,3127.42599999765,"No","No",18
"213",1,8,"(4 + 2) * 9",54,5209.17799997755,"No","No",54
"213",1,9,"(19 - 4) * 5",75,6216.52099999209,"No","No",75
"213",1,10,"(4 + 3) * 4",NA,9167.93399998057,"No","No",28
"212",2,1,"(5 + 3) / 4",2,3044.04300000146,"No","No",2
"212",2,2,"(2 + 5) * 2",14,3478.89200000046,"No","No",14
"212",2,3,"(1 + 7) * 6",56,3375.49599999981,"No","No",48
"212",2,4,"(50 - 23) / 9",3,6265.63899999997,"No","No",3
"212",2,5,"(9 + 3) * 2",24,2294.80500000203,"No","No",24
"212",2,6,"(21 - 9) / 4",3,3940.14800000121,"No","No",3
"212",2,7,"(6 + 6) * 6",84,3581.90100000123,"No","No",72
"212",2,8,"(11 + 23) * 3",102,5091.27100000111,"No","No",102
"212",2,9,"(13 + 23) * 2",72,2580.78700000257,"No","No",72
"212",2,10,"(3 + 3) * 8",48,2981.52499999991,"No","No",48
"212",2,11,"(19 - 4) * 5",75,2427.64600000111,"No","No",75
"212",2,12,"(2 + 3) * 4",20,3078.92600000161,"No","No",20
"212",2,13,"(7 - 4) * 8",24,3012.56900000176,"No","No",24
"212",2,14,"(7 + 2) * 8",72,3053.98000000045,"No","No",72
"212",2,15,"(3 + 3) / 2",3,2494.40900000208,"No","No",3
"212",2,16,"(6 + 6) / 3",4,2340.74700000254,"No","No",4
"212",2,17,"(3 + 6) / 3",3,1839.38800000236,"No","No",3
"212",2,18,"(4 + 3) * 4",28,2159.68400000012,"No","No",28
"212",2,19,"(7 + 13) / 4",5,2410.12200000137,"No","No",5
"212",2,20,"(12 - 3) / 3",NA,284.910000002012,"No","No",3
"212",1,1,"(2 + 5) * 2",14,4003.82399999979,"No","No",14
"212",1,2,"(21 + 12) / 11",3,2538.39799999958,"No","No",3
"212",1,3,"(19 + 11) / 5",6,2227.83399999933,"No","No",6
"212",1,4,"(4 + 3) * 9",81,4048.96500000195,"No","No",63
"212",1,5,"(17 + 23) / 8",5,2070.49799999991,"No","No",5
"212",1,6,"(3 + 3) * 8",48,2232.5830000008,"No","No",48
"212",1,7,"(4 + 3) * 4",28,2188.78199999942,"No","No",28
"212",1,8,"(6 + 6) / 3",4,2086.03000000119,"No","No",4
"212",1,9,"(4 + 4) * 4",16,2112.90100000007,"No","No",32
"212",1,10,"(4 - 3) * 8",8,2271.4439999999,"No","No",8
"212",1,11,"(11 + 23) * 3",102,4859.85600000247,"No","No",102
"212",1,12,"(9 + 3) * 2",24,3443.0950000016,"No","No",24
"212",1,13,"(5 + 3) / 4",2,2084.36900000251,"No","No",2
"212",1,14,"(2 + 3) * 4",20,7376.26300000167,"No","No",20
"212",1,15,"(2 + 2) / 2",2,2481.19800000149,"No","No",2
"212",1,16,"(13 + 23) * 2",72,3421.97299999953,"No","No",72
"212",1,17,"(6 + 6) * 6",72,6354.40399999963,"No","No",72
"212",1,18,"(3 + 3) * 3",18,3756.16000000085,"No","No",18
"212",1,19,"(3 + 9) * 2",NA,200.288999999175,"No","No",24
"211",2,1,"(21 + 12) / 11",3,7938.38899998821,"No","No",3
"211",2,2,"(7 + 2) * 8",72,35851.0379999958,"No","No",72
"211",2,3,"(13 + 23) * 2",72,9534.18099999049,"No","No",72
"211",2,4,"(19 - 4) * 5",NA,6620.04799999326,"No","No",75
"211",1,1,"(4 - 3) * 8",8,5115.34599999228,"No","No",8
"211",1,2,"(3 + 9) * 2",24,3735.00799999957,"No","No",24
"211",1,3,"(3 + 6) / 3",3,3494.09799999685,"No","No",3
"211",1,4,"(6 + 6) / 3",4,4957.43599999842,"No","No",4
"211",1,5,"(3 + 3) * 3",18,4732.88699999184,"No","No",18
"211",1,6,"(5 + 3) / 4",2,3609.43299998867,"No","No",2
"211",1,7,"(8 + 8) / 4",4,5243.74499998987,"No","No",4
"211",1,8,"(23 - 17) / 6",1,6253.58599998779,"No","No",1
"211",1,9,"(7 + 8) * 3",45,7939.6190000003,"No","No",45
"211",1,10,"(2 + 3) * 4",20,3862.87799998955,"No","No",20
"211",1,11,"(12 - 3) / 3",3,4363.11499999533,"No","No",3
"211",1,12,"(6 + 6) * 6",NA,6567.88099999528,"No","No",72
"210",2,1,"(3 + 3) * 8",48,8756.2460001134,"No","No",48
"210",2,2,"(50 - 23) / 9",3,5092.02900003467,"No","No",3
"210",2,3,"(13 + 23) * 2",72,5582.46400005009,"No","No",72
"210",2,4,"(7 + 13) / 4",5,4485.91200007379,"No","No",5
"210",2,5,"(1 + 7) * 6",48,4099.79699999772,"No","No",48
"210",2,6,"(19 + 11) / 5",6,8510.63400010616,"No","No",6
"210",2,7,"(8 + 3) * 4",44,3321.09500001333,"No","No",44
"210",2,8,"(19 - 4) * 5",75,4271.65000001198,"No","No",75
"210",2,9,"(7 + 8) * 3",45,4050.09600006958,"No","No",45
"210",2,10,"(7 + 2) * 8",72,6277.77600008785,"No","No",72
"210",2,11,"(21 - 9) / 4",3,4858.20200010558,"No","No",3
"210",2,12,"(3 + 3) / 2",NA,568.922000012419,"No","No",3
"210",1,1,"(21 + 12) / 11",3,4457.48100001737,"No","No",3
"210",1,2,"(19 + 11) / 5",6,4167.47100004595,"No","No",6
"210",1,3,"(3 + 9) * 2",24,2208.25400010368,"No","No",24
"210",1,4,"(2 + 6) * 5",40,2549.53300009121,"No","No",40
"210",1,5,"(13 + 23) * 2",72,3909.29800002591,"No","No",72
"210",1,6,"(19 - 4) * 5",75,3507.1050000125,"No","No",75
"210",1,7,"(9 - 5) * 4",16,2650.16400001332,"No","No",16
"210",1,8,"(45 - 23) / 11",2,3624.10700000258,"No","No",2
"210",1,9,"(2 + 3) * 4",24,3595.8950000832,"No","No",20
"210",1,10,"(4 + 3) * 4",28,2717.90300008463,"No","No",28
"210",1,11,"(2 + 2) * 16",64,3505.10400001489,"No","No",64
"210",1,12,"(17 + 23) / 8",5,3219.80800000019,"No","No",5
"210",1,13,"(50 - 23) / 9",3,4481.85500007565,"No","No",3
"210",1,14,"(3 + 3) / 2",3,2733.04800004087,"No","No",3
"210",1,15,"(4 + 4) * 4",2,1902.98300002521,"No","No",32
"210",1,16,"(4 + 3) * 9",63,3479.18800000194,"No","No",63
"210",1,17,"(6 + 6) / 3",4,4117.07100010873,"No","No",4
"210",1,18,"(1 + 7) * 6",NA,2981.03800001869,"No","No",48
"209",2,1,"(50 - 23) / 9",3,15956.0350000216,"No","No",3
"209",2,2,"(6 + 6) * 6",72,7850.85700007246,"No","No",72
"209",2,3,"(19 + 11) / 5",6,6514.63600006409,"No","No",6
"209",2,4,"(17 + 23) / 8",5,7662.76199998319,"No","No",5
"209",2,5,"(7 + 13) / 4",5,6066.26799998595,"No","No",5
"209",2,6,"(12 - 3) / 3",3,4143.32700004129,"No","No",3
"209",2,7,"(2 + 5) * 2",14,3599.49600001067,"No","No",14
"209",2,8,"(9 - 5) * 4",16,4061.29800007638,"No","No",16
"209",2,9,"(3 + 6) / 3",3,4037.37400007818,"No","No",3
"209",1,1,"(7 + 2) * 8",72,4849.84500003303,"No","No",72
"209",1,2,"(4 + 4) * 4",32,5452.1190000489,"No","No",32
"209",1,3,"(8 + 8) / 4",4,2938.37200000871,"No","No",4
"209",1,4,"(2 + 2) * 16",64,18014.6240000076,"No","No",64
"209",1,5,"(3 + 9) * 2",24,5107.32200002862,"No","No",24
"209",1,6,"(6 + 6) * 6",72,7357.04900006729,"No","No",72
"209",1,7,"(2 + 6) * 5",40,4076.37099999585,"No","No",40
"209",1,8,"(50 - 23) / 9",3,5874.22099999071,"No","No",3
"209",1,9,"(21 + 12) / 11",NA,6221.28199999372,"No","No",3
"206",2,1,"(7 - 4) * 8",24,2932.21400001098,"No","No",24
"206",2,2,"(2 + 2) / 2",2,1912.29000001319,"No","No",2
"206",2,3,"(3 + 6) / 3",3,1798.63499997937,"No","No",3
"206",2,4,"(3 + 3) * 3",18,4023.96799997147,"No","No",18
"206",2,5,"(19 + 11) / 5",NA,6466.70800001809,"No","No",6
"206",2,6,"(12 - 3) / 3",3,2919.43100000889,"No","No",3
"206",2,7,"(4 - 3) * 8",8,3570.40800000832,"No","No",8
"206",2,8,"(1 + 7) * 6",48,6367.5069999955,"No","No",48
"206",2,9,"(6 + 6) * 6",72,4776.54600000812,"No","No",72
"206",2,10,"(9 + 3) * 2",24,2284.37099997076,"No","No",24
"206",2,11,"(21 - 9) / 4",1,3020.94899996556,"No","No",3
"206",2,12,"(3 + 3) * 8",48,7384.28899997531,"No","No",48
"206",2,13,"(13 + 23) * 2",68,7950.94499998889,"No","No",72
"206",2,14,"(21 + 12) / 11",NA,4420.2490000035,"No","No",3
"206",1,1,"(17 + 23) / 8",5,6462.40899999358,"No","No",5
"206",1,2,"(9 + 3) * 2",24,3321.6829999839,"No","No",24
"206",1,3,"(6 + 6) * 6",42,3798.00199999567,"No","No",72
"206",1,4,"(4 + 3) * 4",27,4738.72699997271,"No","No",28
"206",1,5,"(2 + 2) * 16",64,6540.10299999139,"No","No",64
"206",1,6,"(3 + 6) / 3",3,1930.76399999019,"No","No",3
"206",1,7,"(9 - 5) * 4",16,2562.68400001514,"No","No",16
"206",1,8,"(1 + 7) * 6",48,2975.42900001234,"No","No",48
"206",1,9,"(12 - 3) / 3",3,2191.63300001388,"No","No",3
"206",1,10,"(3 + 9) * 2",24,2435.33299996681,"No","No",24
"206",1,11,"(21 + 12) / 11",3,3499.53899999929,"No","No",3
"206",1,12,"(4 + 2) * 9",52,5312.47200000251,"No","No",54
"206",1,13,"(7 + 13) / 4",5,4857.00699997297,"No","No",5
"206",1,14,"(7 + 2) * 8",72,4961.39200001361,"No","No",72
"206",1,15,"(19 - 4) * 5",NA,4233.27000000572,"No","No",75
"205",2,1,"(2 + 2) * 16",64,6076.5,"No","No",64
"205",2,2,"(45 - 23) / 11",2,4615.82000000001,"No","No",2
"205",2,3,"(5 + 3) / 4",2,2855.15999999997,"No","No",2
"205",2,4,"(2 + 5) * 2",14,5190.15999999997,"No","No",14
"205",2,5,"(17 + 23) / 8",5,7020.5,"No","No",5
"205",2,6,"(11 + 23) * 3",102,7327.84000000003,"No","No",102
"205",2,7,"(12 - 3) / 3",3,4383.17999999999,"No","No",3
"205",2,8,"(3 + 6) / 3",3,2388.56,"No","No",3
"205",2,9,"(4 + 4) * 4",32,4330.21999999997,"No","No",32
"205",2,10,"(7 + 13) / 4",5,2290.88,"No","No",5
"205",2,11,"(6 + 6) * 6",72,5973.56,"No","No",72
"205",2,12,"(13 + 23) * 2",72,6035.56,"No","No",72
"205",2,13,"(19 + 11) / 5",NA,1001.21999999997,"No","No",6
"205",1,1,"(11 + 23) * 3",102,10759.8,"No","No",102
"205",1,2,"(21 + 12) / 11",3,4273.80000000005,"No","No",3
"205",1,3,"(9 + 3) * 2",24,2129.80000000005,"No","No",24
"205",1,4,"(12 - 3) / 3",3,1929.45999999996,"No","No",3
"205",1,5,"(3 + 3) * 8",48,4041.80000000005,"No","No",48
"205",1,6,"(4 + 2) * 9",54,16318.48,"No","No",54
"205",1,7,"(3 + 3) * 3",18,3982.85999999999,"No","No",18
"205",1,8,"(17 + 23) / 8",5,4263.18000000005,"No","No",5
"205",1,9,"(3 + 9) * 2",24,2166.18000000005,"No","No",24
"205",1,10,"(2 + 6) * 5",40,2559.18000000005,"No","No",40
"205",1,11,"(4 + 4) * 4",36,4757.18000000005,"No","No",32
"205",1,12,"(45 - 23) / 11",NA,2368.18000000005,"No","No",2
"204",2,1,"(7 + 13) / 4",5,6192.19099999891,"No","No",5
"204",2,2,"(9 - 3) * 3",18,3615.35300003565,"No","No",18
"204",2,3,"(2 + 6) * 5",40,6068.36500000767,"No","No",40
"204",2,4,"(19 - 4) * 5",75,7530.41100008538,"No","No",75
"204",2,5,"(7 + 2) * 8",72,7545.47300001772,"No","No",72
"204",2,6,"(50 - 23) / 9",3,7825.8480000752,"No","No",3
"204",2,7,"(8 + 8) / 4",4,2622.33000006518,"No","No",4
"204",2,8,"(6 + 6) * 6",NA,18471.2499999973,"No","No",72
"204",1,1,"(3 + 6) / 3",3,3320.84799999848,"No","No",3
"204",1,2,"(9 - 5) * 4",16,2383.93400000385,"No","No",16
"204",1,3,"(12 - 3) / 3",3,2728.55900002772,"No","No",3
"204",1,4,"(21 - 9) / 4",3,6265.34500004107,"No","No",3
"204",1,5,"(7 + 13) / 4",5,2762.22200004908,"No","No",5
"204",1,6,"(19 + 11) / 5",6,5551.19299998228,"No","No",6
"204",1,7,"(7 + 8) * 3",45,3188.33399998071,"No","No",45
"204",1,8,"(5 + 3) / 4",2,2401.76700005692,"No","No",2
"204",1,9,"(50 - 23) / 9",3,5571.67800007365,"No","No",3
"204",1,10,"(7 - 4) * 8",24,5437.96300002269,"No","No",24
"204",1,11,"(4 + 3) * 9",63,5327.57100003038,"No","No",63
"204",1,12,"(3 + 3) * 8",48,7880.65400004084,"No","No",48
"204",1,13,"(23 - 17) / 6",NA,6953.72500002943,"No","No",1
"203",2,1,"(4 + 3) * 4",28,5272.33399999974,"No","No",28
"203",2,2,"(2 + 5) * 2",14,4999.7620000196,"No","No",14
"203",2,3,"(50 - 23) / 9",3,12704.5669999977,"No","No",3
"203",2,4,"(1 + 7) * 6",48,4520.80100000661,"No","No",48
"203",2,5,"(4 + 2) * 9",54,7312.62900002243,"No","No",54
"203",2,6,"(21 - 9) / 4",3,9772.75600000483,"No","No",3
"203",2,7,"(7 + 13) / 4",5,4530.5890000065,"No","No",5
"203",2,8,"(7 - 4) * 8",24,3365.90700000414,"No","No",24
"203",2,9,"(21 + 12) / 11",3,4740.4870000006,"No","No",3
"203",2,10,"(4 - 3) * 8",NA,2592.35700000561,"No","No",8
"203",1,1,"(4 + 3) * 9",63,13827.1890000182,"No","No",63
"203",1,2,"(3 + 3) / 2",3,2456.10700000764,"No","No",3
"203",1,3,"(1 + 7) * 6",48,2678.6589999994,"No","No",48
"203",1,4,"(19 - 4) * 5",75,9663.75800002064,"No","No",75
"203",1,5,"(21 + 12) / 11",3,3146.45700001821,"No","No",3
"203",1,6,"(23 - 17) / 6",1,9983.75800001086,"No","No",1
"203",1,7,"(11 + 23) * 3",56,14688.9360000007,"No","No",102
"203",1,8,"(2 + 6) * 5",40,2647.00400001835,"No","No",40
"203",1,9,"(8 + 8) / 4",NA,770.530000000843,"No","No",4
"202",2,1,"(2 + 2) * 2",8,4016.15699999486,"No","No",8
"202",2,2,"(3 + 3) / 2",3,4644.81099999652,"No","No",3
"202",2,3,"(6 + 6) / 3",4,2798.41600001487,"No","No",4
"202",2,4,"(21 + 12) / 11",3,3755.11200004927,"No","No",3
"202",2,5,"(4 - 3) * 8",8,2406.88500005985,"No","No",8
"202",2,6,"(3 + 6) / 3",3,3031.1869999828,"No","No",3
"202",2,7,"(2 + 5) * 2",14,3173.64299998531,"No","No",14
"202",2,8,"(17 + 23) / 8",5,2509.35900001135,"No","No",5
"202",2,9,"(19 + 11) / 5",6,3064.15200000315,"No","No",6
"202",2,10,"(7 + 2) * 8",72,2993.76899997197,"No","No",72
"202",2,11,"(4 + 3) * 9",63,5010.83700003847,"No","No",63
"202",2,12,"(5 + 3) / 4",2,2180.98900006711,"No","No",2
"202",2,13,"(9 - 5) * 4",16,3494.84899996332,"No","No",16
"202",2,14,"(6 + 6) * 6",72,4227.61800004845,"No","No",72
"202",2,15,"(2 + 3) * 4",20,2745.1800000213,"No","No",20
"202",2,16,"(23 - 17) / 6",1,8336.55000003689,"No","No",1
"202",2,17,"(9 - 3) * 3",NA,1402.86800003157,"No","No",18
"202",1,1,"(11 + 23) * 3",102,14560.7769999966,"No","No",102
"202",1,2,"(50 - 23) / 9",2,4170.1710000445,"No","No",3
"202",1,3,"(2 + 6) * 5",40,4342.67500001634,"No","No",40
"202",1,4,"(45 - 23) / 11",2,3859.13800002442,"No","No",2
"202",1,5,"(19 + 11) / 5",6,2475.01099996973,"No","No",6
"202",1,6,"(17 + 23) / 8",5,2500.6929999938,"No","No",5
"202",1,7,"(6 + 6) * 6",72,3748.71599999163,"No","No",72
"202",1,8,"(9 + 3) * 2",24,7520.23099999106,"No","No",24
"202",1,9,"(2 + 5) * 2",14,2138.08299999451,"No","No",14
"202",1,10,"(4 + 3) * 9",63,10078.4170000724,"No","No",63
"202",1,11,"(1 + 7) * 6",48,3077.87299997674,"No","No",48
"202",1,12,"(19 - 4) * 5",NA,1369.06700005813,"No","No",75
"201",2,1,"(5 + 3) / 4",2,6171,"No","No",2
"201",2,2,"(4 + 3) * 9",63,13213,"No","No",63
"201",2,3,"(6 + 6) * 6",72,5255,"No","No",72
"201",2,4,"(7 + 8) * 3",45,4685,"No","No",45
"201",2,5,"(2 + 2) * 16",64,28923,"No","No",64
"201",2,6,"(23 - 17) / 6",NA,1797.00000000003,"No","No",1
"201",1,1,"(9 - 5) * 4",16,5590,"No","No",16
"201",1,2,"(13 + 23) * 2",72,9879.00000000012,"No","No",72
"201",1,3,"(6 + 6) / 3",6,13540,"No","No",4
"201",1,4,"(21 + 12) / 11",3,9232,"No","No",3
"201",1,5,"(21 - 9) / 4",3,12437,"No","No",3
"201",1,6,"(2 + 5) * 2",14,3757,"No","No",14
"201",1,7,"(3 + 6) / 3",3,3129,"No","No",3
"201",1,8,"(2 + 2) * 2",8,2757,"No","No",8
"200",2,1,"(3 + 6) / 3",3,6398.92300000074,"No","No",3
"200",2,2,"(21 + 12) / 11",3,11334.7920000005,"No","No",3
"200",2,3,"(19 + 11) / 5",6,9484.5380000053,"No","No",6
"200",2,4,"(4 + 3) * 9",63,9472.01199997927,"No","No",63
"200",2,5,"(2 + 2) / 2",2,3252.08599999922,"No","No",2
"200",2,6,"(9 - 5) * 4",16,6964.61599999288,"No","No",16
"200",2,7,"(2 + 6) * 5",40,4844.9990000019,"No","No",40
"200",2,8,"(2 + 5) * 2",14,2972.583999997,"No","No",14
"200",2,9,"(23 - 17) / 6",NA,5219.18599998445,"No","No",1
"200",1,1,"(8 + 3) * 4",44,4386.28399998217,"No","No",44
"200",1,2,"(9 + 3) * 2",24,5533.24599998631,"No","No",24
"200",1,3,"(4 + 3) * 4",28,3458.9799999923,"No","No",28
"200",1,4,"(19 - 4) * 5",75,5215.29000000085,"No","No",75
"200",1,5,"(4 - 3) * 8",8,3502.51000000502,"No","No",8
"200",1,6,"(7 + 8) * 3",45,5226.93499998422,"No","No",45
"200",1,7,"(7 - 4) * 8",24,10012.7409999898,"No","No",24
"200",1,8,"(7 + 13) / 4",5,4053.66999998642,"No","No",5
"200",1,9,"(4 + 2) * 9",54,8336.80499998468,"No","No",54
"200",1,10,"(21 + 12) / 11",3,5418.20599999977,"No","No",3
"200",1,11,"(6 + 6) / 3",NA,4815.02200000721,"No","No",4
"198",2,1,"(4 + 3) * 9",63,37807.0890000004,"No","No",63
"198",2,2,"(21 - 9) / 4",3,14237.8960000005,"No","No",3
"198",2,3,"(1 + 7) * 6",NA,7906.41300000116,"No","No",48
"198",1,1,"(2 + 2) * 16",64,8627.88500000071,"No","No",64
"198",1,2,"(11 + 23) * 3",102,23913.7309999993,"No","No",102
"198",1,3,"(4 + 2) * 9",54,4480.76899999962,"No","No",54
"198",1,4,"(45 - 23) / 11",2,6958.5500000004,"No","No",2
"198",1,5,"(7 - 4) * 8",24,3976.66900000139,"No","No",24
"198",1,6,"(3 + 3) * 8",48,4835.11499999987,"No","No",48
"198",1,7,"(1 + 7) * 6",48,4647.40100000263,"No","No",48
"198",1,8,"(3 + 3) * 3",NA,2443.40199999919,"No","No",18
"196",2,1,"(9 - 5) * 4",16,3585.63299999791,"No","No",16
"196",2,2,"(2 + 2) / 2",2,2643.37999999514,"No","No",2
"196",2,3,"(5 + 3) / 4",2,2739.72499999838,"No","No",2
"196",2,4,"(23 - 17) / 6",1,2563.81999999384,"No","No",1
"196",2,5,"(6 + 6) / 3",4,3141.16499999553,"No","No",4
"196",2,6,"(19 - 4) * 5",75,12951.8739999994,"No","No",75
"196",2,7,"(8 + 8) / 4",4,4471.17199999525,"No","No",4
"196",2,8,"(2 + 5) * 2",14,3322.8929999957,"No","No",14
"196",2,9,"(4 - 3) * 8",8,2593.71499999837,"No","No",8
"196",2,10,"(3 + 3) / 2",3,3027.12800000008,"No","No",3
"196",2,11,"(21 - 9) / 4",3,9346.7549999952,"No","No",3
"196",2,12,"(4 + 4) * 4",32,4976.46599999993,"No","No",32
"196",2,13,"(7 + 8) * 3",NA,4405.711999997,"No","No",45
"196",1,1,"(21 + 12) / 11",3,5560.77599999943,"No","No",3
"196",1,2,"(3 + 3) * 8",48,10923.0859999958,"No","No",48
"196",1,3,"(2 + 2) / 2",2,3552.18499999546,"No","No",2
"196",1,4,"(1 + 7) * 6",48,5679.41599999572,"No","No",48
"196",1,5,"(9 - 3) * 3",18,4982.7039999984,"No","No",18
"196",1,6,"(8 + 8) / 4",4,2655.48099999677,"No","No",4
"196",1,7,"(3 + 6) / 3",3,2174.81599999912,"No","No",3
"196",1,8,"(2 + 2) * 2",8,4490.37999999645,"No","No",8
"196",1,9,"(19 - 4) * 5",75,2919.17899999971,"No","No",75
"196",1,10,"(9 - 5) * 4",16,2989.82299999677,"No","No",16
"196",1,11,"(6 + 6) * 6",72,7720.80799999449,"No","No",72
"196",1,12,"(9 + 3) * 2",254,4669.20699999592,"No","No",24
"196",1,13,"(3 + 9) * 2",NA,1501.85099999642,"No","No",24
"194",2,1,"(21 + 12) / 11",3,4895.04900002247,"No","No",3
"194",2,2,"(45 - 23) / 11",2,2891.32000001773,"No","No",2
"194",2,3,"(19 - 4) * 5",25,7736.3660000129,"No","No",75
"194",2,4,"(23 - 17) / 6",1,5514.91800000123,"No","No",1
"194",2,5,"(4 + 4) * 4",32,3668.81400000356,"No","No",32
"194",2,6,"(7 + 2) * 8",72,5459.34000000777,"No","No",72
"194",2,7,"(21 - 9) / 4",3,6817.35200002306,"No","No",3
"194",2,8,"(4 + 2) * 9",54,3464.42800001043,"No","No",54
"194",2,9,"(3 + 3) * 8",48,4942.29800001619,"No","No",48
"194",2,10,"(2 + 2) * 16",64,3840.69099999726,"No","No",64
"194",2,11,"(4 + 3) * 9",63,2494.99400000676,"No","No",63
"194",2,12,"(2 + 6) * 5",40,1947.1480000224,"No","No",40
"194",2,13,"(3 + 9) * 2",24,1909.35100000276,"No","No",24
"194",2,14,"(3 + 3) / 2",3,2721.04900002421,"No","No",3
"194",2,15,"(3 + 3) * 3",NA,1553.00900001172,"No","No",18
"194",1,1,"(3 + 6) / 3",3,3672.19200001034,"No","No",3
"194",1,2,"(3 + 3) * 3",18,1853.1010000165,"No","No",18
"194",1,3,"(19 - 4) * 5",25,1586.75200001203,"No","No",75
"194",1,4,"(4 + 3) * 9",63,2058.8900000159,"No","No",63
"194",1,5,"(7 - 4) * 8",24,2144.54300001205,"No","No",24
"194",1,6,"(23 - 17) / 6",1,2050.58600002382,"No","No",1
"194",1,7,"(4 + 3) * 4",28,1520.06400000362,"No","No",28
"194",1,8,"(2 + 6) * 5",40,1418.9640000136,"No","No",40
"194",1,9,"(9 - 3) * 3",18,1481.77200001909,"No","No",18
"194",1,10,"(21 + 12) / 11",3,1901.50400001887,"No","No",3
"194",1,11,"(3 + 3) / 2",3,3705.68600000115,"No","No",3
"194",1,12,"(8 + 3) * 4",44,2005.5350000055,"No","No",44
"194",1,13,"(9 + 3) * 2",24,1717.02400001994,"No","No",24
"194",1,14,"(2 + 2) * 2",8,1511.67500000692,"No","No",8
"194",1,15,"(2 + 2) * 16",64,2083.17700000963,"No","No",64
"194",1,16,"(2 + 2) / 2",2,1383.28900002426,"No","No",2
"194",1,17,"(3 + 9) * 2",24,1679.49600001669,"No","No",24
"194",1,18,"(7 + 2) * 8",72,1564.3429999986,"No","No",72
"194",1,19,"(4 + 2) * 9",54,1453.99700000504,"No","No",54
"194",1,20,"(6 + 6) * 6",70,2195.60600002547,"No","No",72
"194",1,21,"(12 - 3) / 3",3,1827.67300001648,"No","No",3
"194",1,22,"(4 - 3) * 8",8,1754.58900001971,"No","No",8
"194",1,23,"(21 - 9) / 4",3,2516.33400001616,"No","No",3
"194",1,24,"(4 + 4) * 4",32,2023.1680000184,"No","No",32
"194",1,25,"(7 + 8) * 3",45,1958.01300002105,"No","No",45
"194",1,26,"(50 - 23) / 9",3,1974.87900001294,"No","No",3
"194",1,27,"(8 + 8) / 4",4,1383.93500001298,"No","No",4
"194",1,28,"(2 + 5) * 2",14,1383.9540000229,"No","No",14
"194",1,29,"(7 + 13) / 4",5,1455.9980000233,"No","No",5
"194",1,30,"(2 + 3) * 4",20,1469.56799999828,"No","No",20
"194",1,31,"(9 - 5) * 4",16,1490.22400002519,"No","No",16
"194",1,32,"(6 + 6) / 3",NA,1368.28100001614,"No","No",4
"193",2,1,"(2 + 5) * 2",20,4961,"No","No",14
"193",2,2,"(9 - 3) * 3",18,4433,"No","No",18
"193",2,3,"(4 + 3) * 9",63,7464,"No","No",63
"193",2,4,"(45 - 23) / 11",2,5814.00000000006,"No","No",2
"193",2,5,"(17 + 23) / 8",5,14906,"No","No",5
"193",2,6,"(2 + 2) * 16",NA,28950,"No","No",64
"193",1,1,"(21 + 12) / 11",3,5790.00000000012,"No","No",3
"193",1,2,"(7 + 13) / 4",5,4500,"No","No",5
"193",1,3,"(11 + 23) * 3",102,20558,"No","No",102
"193",1,4,"(4 + 4) * 4",36,6096,"No","No",32
"193",1,5,"(3 + 3) / 2",3,5803,"No","No",3
"193",1,6,"(5 + 3) / 4",2,2394,"No","No",2
"193",1,7,"(17 + 23) / 8",5,11366,"No","No",5
"193",1,8,"(7 + 2) * 8",NA,3714,"No","No",72
"191",2,1,"(50 - 23) / 9",3,14917.9749999639,"No","No",3
"191",2,2,"(45 - 23) / 11",2,17144.3979999551,"No","No",2
"191",2,3,"(2 + 6) * 5",40,7842.80199997342,"No","No",40
"191",2,4,"(2 + 2) * 2",8,8376.9829999645,"No","No",8
"191",2,5,"(2 + 3) * 4",20,5521.91299999593,"No","No",20
"191",2,6,"(3 + 3) / 2",NA,6118.01299998967,"No","No",3
"191",1,1,"(2 + 3) * 4",20,3575.30699996755,"No","No",20
"191",1,2,"(4 - 3) * 8",8,3992.01099995174,"No","No",8
"191",1,3,"(8 + 3) * 4",48,8144.09799999616,"No","No",44
"191",1,4,"(7 + 13) / 4",5,8410.27099998901,"No","No",5
"191",1,5,"(3 + 9) * 2",24,5089.84699996829,"No","No",24
"191",1,6,"(3 + 3) / 2",3,6829.98899997596,"No","No",3
"191",1,7,"(19 - 4) * 5",75,13652.809999991,"No","No",75
"191",1,8,"(2 + 6) * 5",40,3138.49299995252,"No","No",40
"191",1,9,"(4 + 4) * 4",36,5172.57200000121,"No","No",32
"191",1,10,"(17 + 23) / 8",NA,1900.35599996708,"No","No",5
